1000
1,Jamison,Thal,jthal0@photobucket.com,Male,87.11.184.104,true,#160,2XL,48
2,Carol,Smitton,csmitton1@independent.co.uk,Female,46.131.237.135,false,#54d,L,60
3,Kamilah,Maw,kmaw2@squidoo.com,Female,8.184.69.86,false,#f71,2XL,72
4,Gael,Ornillos,gornillos3@cam.ac.uk,Genderfluid,113.32.226.13,false,#6b5,S,29
5,Karena,Greasley,kgreasley4@blinklist.com,Female,46.11.115.94,false,#ff4,2XL,97
6,Garek,Dominichetti,gdominichetti5@hatena.ne.jp,Male,198.27.135.148,true,#cbf,XS,36
7,Arie,Cafferty,acafferty6@zimbio.com,Male,126.134.132.179,false,#cfe,2XL,94
8,Lisabeth,Wise,lwise7@mashable.com,Female,130.2.254.130,true,#e0b,3XL,35
9,Warden,Bettaney,wbettaney8@addthis.com,Male,236.41.82.169,false,#669,S,59
10,Giffer,Chesnay,gchesnay9@shareasale.com,Male,103.205.91.18,false,#837,2XL,17
11,Edouard,Stoneham,estonehama@blinklist.com,Male,130.44.159.221,true,#c81,L,29
12,Blondie,Cowope,bcowopeb@smh.com.au,Female,246.243.150.81,true,#2f3,3XL,35
13,Ema,Dyers,edyersc@bigcartel.com,Female,53.198.237.61,true,#c10,2XL,68
14,Prissie,Fahey,pfaheyd@quantcast.com,Female,138.57.65.132,true,#8ec,M,11
15,Bobine,Schwandner,bschwandnere@w3.org,Female,224.92.138.198,false,#0fd,3XL,77
16,Lucine,Elix,lelixf@adobe.com,Female,202.134.154.218,false,#409,2XL,37
17,Marnia,Dupree,mdupreeg@sciencedaily.com,Female,209.84.174.8,true,#0ee,2XL,86
18,Levi,Baine,lbaineh@trellian.com,Male,51.85.113.185,false,#7cd,L,23
19,Uriel,Chartman,uchartmani@wordpress.com,Male,50.187.135.26,true,#e94,M,59
20,Khalil,Cleare,kclearej@cargocollective.com,Male,245.239.177.109,true,#854,3XL,21
21,Neille,Ladewig,nladewigk@mtv.com,Female,113.234.143.50,true,#a8b,XL,74
22,Lorenzo,Staries,lstariesl@earthlink.net,Male,191.236.35.63,false,#47a,XL,17
23,Lilias,Windas,lwindasm@google.ca,Female,93.93.23.66,true,#cfb,2XL,53
24,Lana,Arton,lartonn@seattletimes.com,Female,75.41.84.240,true,#bf5,S,15
25,Woodie,Izac,wizaco@omniture.com,Male,114.157.233.211,true,#900,3XL,16
26,Glory,Fitzsymonds,gfitzsymondsp@weebly.com,Female,152.104.215.23,false,#5ea,XS,48
27,Jennee,Hawke,jhawkeq@unesco.org,Female,115.81.126.90,false,#3da,XS,18
28,Meryl,Call,mcallr@ifeng.com,Male,189.22.241.134,false,#657,XL,21
29,Jacquelyn,Redwall,jredwalls@opera.com,Female,136.156.162.185,false,#40c,2XL,69
30,Aleta,Hudspeth,ahudspetht@dropbox.com,Bigender,76.149.101.143,true,#758,3XL,74
31,Klara,Bramwell,kbramwellu@china.com.cn,Female,150.151.180.144,true,#237,S,39
32,Iggie,Garwill,igarwillv@yandex.ru,Polygender,161.213.250.241,true,#0de,3XL,100
33,Zita,Ropking,zropkingw@patch.com,Female,74.174.146.145,false,#bad,XS,48
34,Reynolds,Ludlam,rludlamx@nydailynews.com,Male,184.135.103.230,true,#fbc,XS,19
35,Anissa,Rolph,arolphy@friendfeed.com,Female,87.149.165.172,false,#851,L,58
36,Rance,Ryles,rrylesz@dailymail.co.uk,Male,137.91.205.56,true,#a5a,M,91
37,Gamaliel,Franken,gfranken10@bloomberg.com,Male,128.119.150.16,false,#d8f,XL,42
38,Catherine,Rajchert,crajchert11@blinklist.com,Female,31.193.2.234,false,#416,S,43
39,Nonah,Gowling,ngowling12@ifeng.com,Female,17.239.90.47,false,#cc9,3XL,28
40,Othilia,Lambrook,olambrook13@usatoday.com,Female,197.240.133.137,false,#a34,S,75
41,Colman,Chicchetto,cchicchetto14@hugedomains.com,Male,33.61.144.109,false,#ae0,L,49
42,Barris,Paddingdon,bpaddingdon15@ustream.tv,Male,242.179.124.200,true,#78d,XS,31
43,Violante,Arran,varran16@slideshare.net,Female,76.168.14.75,false,#9fd,S,29
44,Otto,Martinuzzi,omartinuzzi17@simplemachines.org,Male,190.82.50.90,true,#f3d,3XL,56
45,Irene,Haslegrave,ihaslegrave18@desdev.cn,Female,202.100.196.160,false,#1b2,S,77
46,Maryanne,Wadly,mwadly19@networksolutions.com,Female,140.50.48.246,true,#0e8,L,85
47,Barbaraanne,Haseman,bhaseman1a@amazonaws.com,Female,82.67.85.33,false,#8c3,M,58
48,Aida,Tellenbroker,atellenbroker1b@who.int,Agender,18.114.132.121,false,#a6a,L,44
49,Pollyanna,Edmand,pedmand1c@alibaba.com,Female,97.225.71.94,true,#c3c,2XL,61
50,Rabi,Gianiello,rgianiello1d@spiegel.de,Male,244.131.139.150,false,#21c,L,11
51,Pennie,Ratnege,pratnege1e@webmd.com,Male,21.125.0.77,true,#c62,L,75
52,Rhianon,Tabbitt,rtabbitt1f@buzzfeed.com,Female,137.184.90.157,false,#392,M,51
53,Julian,Dealey,jdealey1g@ucoz.ru,Male,34.80.63.42,true,#75c,XL,75
54,Michele,Stotherfield,mstotherfield1h@cocolog-nifty.com,Male,177.98.62.223,true,#84a,3XL,21
55,Crystie,Millhill,cmillhill1i@webmd.com,Female,193.109.138.119,true,#c0d,XL,29
56,Gabby,Dickens,gdickens1j@eventbrite.com,Genderfluid,61.91.86.228,false,#cd3,L,63
57,Raviv,Wallas,rwallas1k@jigsy.com,Male,13.204.238.161,true,#e1e,S,14
58,Ronni,Rockcliffe,rrockcliffe1l@github.io,Female,154.155.26.159,false,#dea,L,49
59,Cordie,Holah,cholah1m@mlb.com,Female,155.101.119.130,true,#46e,3XL,63
60,Jae,Larman,jlarman1n@guardian.co.uk,Male,60.76.231.208,false,#fde,XS,73
61,Ines,Sopp,isopp1o@tuttocitta.it,Female,223.85.213.33,true,#4bb,3XL,85
62,Leyla,Whitworth,lwhitworth1p@imageshack.us,Female,41.156.40.234,true,#ff0,L,25
63,Daisie,Sedgemore,dsedgemore1q@scientificamerican.com,Female,212.125.190.33,false,#e9c,L,45
64,Ellynn,Heighway,eheighway1r@pagesperso-orange.fr,Female,10.185.76.54,false,#efe,M,99
65,Phillipp,Gidman,pgidman1s@acquirethisname.com,Male,84.111.215.198,true,#921,3XL,24
66,Mallissa,Haig,mhaig1t@e-recht24.de,Female,61.183.54.78,true,#f8b,M,61
67,Bruis,Palffy,bpalffy1u@amazon.co.jp,Male,241.14.15.17,false,#edf,3XL,79
68,Tilda,Stileman,tstileman1v@liveinternet.ru,Female,67.207.63.49,false,#a6d,2XL,80
69,Shandy,Jozsef,sjozsef1w@is.gd,Female,0.133.115.63,false,#993,XS,75
70,Claudetta,De La Cote,cdelacote1x@whitehouse.gov,Female,0.221.47.134,true,#bfb,XL,61
71,Gena,Cleal,gcleal1y@statcounter.com,Genderqueer,123.213.201.94,true,#2aa,3XL,49
72,Harwell,Labes,hlabes1z@google.pl,Male,27.0.65.85,false,#347,L,93
73,Poppy,Grimsdell,pgrimsdell20@behance.net,Female,125.82.153.144,true,#f51,S,77
74,Dasi,Bartkowiak,dbartkowiak21@shutterfly.com,Polygender,24.169.131.254,true,#9ae,2XL,14
75,Sioux,Sigge,ssigge22@amazon.co.jp,Non-binary,35.147.219.89,true,#044,M,26
76,Pryce,Culham,pculham23@topsy.com,Male,24.119.46.187,false,#69e,S,43
77,Alane,Batalle,abatalle24@weebly.com,Female,106.187.181.94,true,#c39,3XL,67
78,Gussi,Dominik,gdominik25@huffingtonpost.com,Female,108.206.115.34,true,#bd2,3XL,31
79,Annamarie,Gartsyde,agartsyde26@netscape.com,Female,128.154.37.190,true,#eb5,XS,53
80,Roy,Vickarman,rvickarman27@newyorker.com,Male,220.168.57.247,true,#645,XL,20
81,Creigh,Lawdham,clawdham28@google.nl,Male,223.6.167.24,true,#5a9,XS,36
82,Lib,Minshall,lminshall29@theatlantic.com,Female,179.194.140.253,false,#8da,S,53
83,Gertrud,Leipold,gleipold2a@wunderground.com,Female,208.12.184.215,true,#67f,2XL,41
84,Celestina,Eccleshare,ceccleshare2b@amazon.com,Female,84.114.217.155,false,#651,L,97
85,Valerie,Harvett,vharvett2c@trellian.com,Female,118.241.68.128,false,#f9a,S,45
86,Giacobo,Newvell,gnewvell2d@bloomberg.com,Male,168.154.211.124,true,#802,M,57
87,Lynn,Charrette,lcharrette2e@msu.edu,Female,174.252.153.45,false,#552,XS,45
88,Milka,Esparza,mesparza2f@amazon.com,Female,123.161.239.109,true,#314,S,82
89,Rey,Bryning,rbryning2g@google.co.uk,Female,92.52.35.161,false,#d24,3XL,64
90,Flory,Ulyat,fulyat2h@printfriendly.com,Female,22.221.187.108,false,#0d2,M,25
91,Hadrian,Vidgen,hvidgen2i@shinystat.com,Male,81.234.48.214,false,#136,M,91
92,Ninnette,Conaghan,nconaghan2j@deliciousdays.com,Non-binary,177.167.75.66,true,#83c,L,43
93,Linda,Gaynes,lgaynes2k@baidu.com,Female,239.88.27.63,false,#041,M,42
94,Roberto,Waterman,rwaterman2l@posterous.com,Male,195.139.160.82,true,#9fd,M,34
95,Phil,Bickerstasse,pbickerstasse2m@cyberchimps.com,Female,69.135.50.16,true,#e59,L,78
96,Morley,Weathey,mweathey2n@mapy.cz,Male,12.92.180.185,true,#c14,2XL,10
97,Nelia,Carle,ncarle2o@networksolutions.com,Female,47.213.16.3,false,#d69,XL,42
98,Cathyleen,Malzard,cmalzard2p@dyndns.org,Female,129.27.22.84,false,#237,2XL,64
99,Jasun,Vell,jvell2q@wikia.com,Male,76.249.91.126,false,#3bb,3XL,57
100,Carina,Drillingcourt,cdrillingcourt2r@ocn.ne.jp,Female,95.15.92.163,true,#6fc,2XL,43
101,Eugenius,Stovin,estovin2s@addthis.com,Male,10.148.108.142,false,#90c,XL,18
102,Katrina,Spellessy,kspellessy2t@livejournal.com,Female,255.154.78.117,false,#31c,XL,69
103,Hildegarde,Boosey,hboosey2u@bbb.org,Female,89.230.171.216,true,#4d2,M,47
104,Bettina,Koba,bkoba2v@irs.gov,Female,175.213.40.206,false,#458,2XL,16
105,Rivy,Carville,rcarville2w@printfriendly.com,Genderqueer,59.8.85.193,false,#ee7,3XL,62
106,Dar,Sichardt,dsichardt2x@altervista.org,Male,158.33.79.99,false,#1bd,XL,66
107,Lucius,Victoria,lvictoria2y@dedecms.com,Genderfluid,124.49.221.28,false,#4c7,XS,74
108,Blinnie,Denecamp,bdenecamp2z@ed.gov,Female,18.163.187.108,false,#bf6,M,65
109,Kalila,Allardyce,kallardyce30@discuz.net,Female,237.208.2.214,true,#d72,M,97
110,Wendi,Allpress,wallpress31@dedecms.com,Female,226.57.149.117,true,#099,XL,40
111,Zebedee,Flobert,zflobert32@mediafire.com,Male,153.102.106.125,true,#abe,XL,51
112,Vilma,Lovewell,vlovewell33@nymag.com,Genderfluid,72.14.183.86,false,#627,XS,68
113,Gwennie,Paula,gpaula34@china.com.cn,Female,0.206.210.50,true,#729,XS,36
114,Randolf,Crosskell,rcrosskell35@jimdo.com,Male,112.221.6.132,false,#9be,M,53
115,Godfree,Grenfell,ggrenfell36@yahoo.com,Male,85.95.78.126,true,#1a3,2XL,57
116,Poul,Stidever,pstidever37@cocolog-nifty.com,Genderfluid,245.67.171.212,false,#b82,S,54
117,Vittoria,Dalli,vdalli38@msu.edu,Female,59.67.204.19,false,#a45,3XL,99
118,Pierette,Beri,pberi39@cafepress.com,Female,165.143.19.114,true,#6ae,XS,94
119,Tabb,Hilldrop,thilldrop3a@army.mil,Male,81.56.50.51,false,#a2b,S,83
120,Bordy,MacMaster,bmacmaster3b@vimeo.com,Male,246.160.61.127,false,#0f0,S,88
121,Tamarra,Parlot,tparlot3c@utexas.edu,Female,108.119.245.122,true,#9b2,XL,99
122,Gerti,Sattin,gsattin3d@cpanel.net,Female,140.227.116.209,false,#bd3,XL,72
123,Jody,Jahan,jjahan3e@opera.com,Male,53.50.49.158,false,#838,XL,27
124,Gifford,McKeran,gmckeran3f@un.org,Male,59.220.157.243,true,#509,XL,82
125,Dorthea,Breawood,dbreawood3g@yolasite.com,Non-binary,249.20.221.210,true,#dae,L,63
126,Rodrique,Garstan,rgarstan3h@zimbio.com,Non-binary,227.27.89.85,true,#d8b,3XL,84
127,Claudius,Muge,cmuge3i@cmu.edu,Male,108.76.253.34,true,#c69,S,98
128,Leanora,Reilingen,lreilingen3j@accuweather.com,Female,80.4.24.146,false,#cf9,2XL,26
129,Suellen,Bibey,sbibey3k@odnoklassniki.ru,Female,48.99.171.182,false,#be3,XL,57
130,Caitrin,Matteuzzi,cmatteuzzi3l@businessweek.com,Female,169.81.239.61,false,#0cd,M,44
131,Kym,Genike,kgenike3m@fema.gov,Female,164.253.117.100,false,#23c,3XL,16
132,Bren,Olding,bolding3n@technorati.com,Bigender,29.251.133.49,false,#234,L,50
133,Shel,Blomfield,sblomfield3o@answers.com,Female,23.200.97.100,true,#454,M,49
134,Tisha,Patient,tpatient3p@oracle.com,Polygender,91.51.148.98,true,#ec2,M,74
135,Karia,Adriaens,kadriaens3q@apple.com,Polygender,122.211.213.177,true,#885,M,63
136,Clarisse,Wilmot,cwilmot3r@aol.com,Bigender,125.139.169.227,true,#309,M,23
137,Ranice,Pardue,rpardue3s@whitehouse.gov,Female,222.7.132.247,true,#903,S,18
138,Glenda,MacCheyne,gmaccheyne3t@huffingtonpost.com,Female,118.152.158.63,true,#10b,2XL,29
139,Bjorn,Currao,bcurrao3u@google.nl,Male,75.18.230.101,true,#234,L,57
140,Olivie,Callaway,ocallaway3v@ezinearticles.com,Female,171.149.252.60,true,#939,L,29
141,Sholom,Mayzes,smayzes3w@cocolog-nifty.com,Male,86.212.176.92,true,#a62,2XL,52
142,Marena,Glascott,mglascott3x@scientificamerican.com,Female,198.142.141.234,false,#029,3XL,37
143,Andrei,Diplock,adiplock3y@techcrunch.com,Female,149.213.15.235,false,#b02,M,28
144,Guenna,Arenson,garenson3z@sitemeter.com,Female,32.77.244.156,true,#555,3XL,70
145,Gisele,Naper,gnaper40@army.mil,Female,69.200.199.147,true,#967,M,88
146,Siegfried,Neave,sneave41@tripod.com,Male,160.59.43.43,true,#685,XL,58
147,Reggy,Lidden,rlidden42@fastcompany.com,Male,47.195.118.163,false,#d98,L,91
148,Chuck,MacCaffrey,cmaccaffrey43@dion.ne.jp,Male,109.103.109.184,false,#164,XL,22
149,Haywood,Schoolcroft,hschoolcroft44@feedburner.com,Male,248.174.232.6,true,#6de,XS,48
150,Jermaine,Ben,jben45@mail.ru,Female,161.66.21.220,false,#f2f,3XL,90
151,Silas,Feuell,sfeuell46@furl.net,Genderfluid,222.17.214.140,true,#857,XL,74
152,Giselbert,Tunny,gtunny47@java.com,Male,66.166.36.53,true,#f01,XS,64
153,Edmon,McGready,emcgready48@networkadvertising.org,Male,87.2.181.3,false,#312,3XL,99
154,Bryan,Kirkness,bkirkness49@msn.com,Male,32.207.48.38,false,#aef,3XL,39
155,Carolann,Ridgers,cridgers4a@wikipedia.org,Female,22.204.153.22,false,#6d9,S,81
156,Boniface,Kovacs,bkovacs4b@yahoo.com,Male,27.84.45.143,false,#d0c,M,64
157,Karisa,Cronk,kcronk4c@disqus.com,Female,198.40.4.113,false,#552,3XL,10
158,Carley,Arpur,carpur4d@state.tx.us,Female,95.28.66.4,true,#dce,2XL,18
159,Rhett,McGaraghan,rmcgaraghan4e@flavors.me,Male,15.224.131.189,true,#dd3,L,27
160,Domenico,Dugdale,ddugdale4f@craigslist.org,Male,22.238.76.109,false,#7b3,2XL,40
161,Carol-jean,Fuggle,cfuggle4g@mediafire.com,Female,218.144.70.110,true,#19b,XL,31
162,Godiva,Turn,gturn4h@feedburner.com,Female,167.201.151.184,false,#ee6,2XL,36
163,Meris,Greenstreet,mgreenstreet4i@gmpg.org,Female,184.159.170.13,true,#864,2XL,72
164,Fredia,Gordon-Giles,fgordongiles4j@walmart.com,Female,145.127.99.84,false,#088,3XL,44
165,Shawna,Cowpe,scowpe4k@gravatar.com,Female,200.211.81.246,true,#610,XL,50
166,Ashlan,Samwyse,asamwyse4l@cbsnews.com,Female,89.195.26.227,true,#551,XL,17
167,Bradford,Palser,bpalser4m@feedburner.com,Male,92.93.164.203,true,#c29,L,41
168,Sybil,Lowman,slowman4n@jalbum.net,Female,227.59.113.41,true,#ceb,XS,23
169,Merle,Kelinge,mkelinge4o@answers.com,Genderqueer,252.15.191.43,false,#2b3,2XL,87
170,Moises,Caddan,mcaddan4p@ehow.com,Male,37.248.104.0,false,#849,L,43
171,Ambrosius,Willis,awillis4q@so-net.ne.jp,Male,14.91.82.154,true,#658,2XL,15
172,Dulce,Ewdale,dewdale4r@booking.com,Female,76.226.65.202,false,#079,S,77
173,Florry,Hurring,fhurring4s@phpbb.com,Female,0.140.29.52,true,#afb,M,23
174,Kalindi,Lidgate,klidgate4t@delicious.com,Genderqueer,6.82.41.67,true,#22e,XS,54
175,Corey,Nyles,cnyles4u@webeden.co.uk,Female,217.253.222.218,false,#2cf,XS,83
176,Phil,McKeaney,pmckeaney4v@cafepress.com,Female,136.196.126.32,true,#862,S,53
177,Drusi,Duinbleton,dduinbleton4w@census.gov,Female,32.118.189.141,false,#e84,3XL,84
178,Shelby,Darlow,sdarlow4x@earthlink.net,Non-binary,172.95.109.142,false,#b5b,2XL,69
179,Avis,Stearn,astearn4y@360.cn,Female,93.236.103.177,false,#865,S,48
180,Vanya,Cherry Holme,vcherryholme4z@123-reg.co.uk,Male,205.173.83.186,true,#711,XL,40
181,Corie,Cucuzza,ccucuzza50@examiner.com,Female,217.116.113.131,true,#39d,XL,49
182,Kelvin,Oxlade,koxlade51@arstechnica.com,Male,32.119.200.139,true,#660,XL,68
183,Charyl,Bingham,cbingham52@disqus.com,Female,241.25.144.99,true,#da1,M,11
184,Libbie,Sliman,lsliman53@ebay.co.uk,Female,141.58.235.28,true,#380,L,64
185,Gracie,Ricciardelli,gricciardelli54@google.de,Female,164.138.7.84,true,#0df,3XL,100
186,Gertrudis,Walford,gwalford55@cnet.com,Female,248.6.216.181,true,#4e7,M,24
187,Melisande,Trencher,mtrencher56@lycos.com,Female,186.123.145.174,false,#f96,M,52
188,Worth,Culley,wculley57@vinaora.com,Male,152.81.93.19,false,#026,2XL,53
189,Marena,Tanman,mtanman58@ucla.edu,Female,103.58.156.66,false,#632,2XL,27
190,Nani,Hendrix,nhendrix59@zimbio.com,Female,56.37.95.81,false,#e4e,M,20
191,Maxine,Tupp,mtupp5a@plala.or.jp,Female,45.144.131.218,true,#727,M,83
192,Felita,Noddles,fnoddles5b@ifeng.com,Female,1.132.196.142,false,#75b,L,98
193,Othello,Donativo,odonativo5c@cbc.ca,Male,172.223.235.143,true,#dd2,L,71
194,Dorthea,Tillerton,dtillerton5d@miibeian.gov.cn,Female,90.123.22.150,false,#f5d,M,81
195,Chrysa,Cure,ccure5e@icio.us,Female,6.142.238.129,true,#864,S,29
196,Dallon,Stanlack,dstanlack5f@4shared.com,Male,151.37.34.27,false,#345,XS,40
197,Veda,Kadar,vkadar5g@yahoo.com,Polygender,11.248.179.110,false,#b24,XS,94
198,Baxie,Skade,bskade5h@ca.gov,Male,220.62.60.41,false,#7c4,M,21
199,Titos,Stallan,tstallan5i@sbwire.com,Male,132.170.216.75,false,#3f0,M,14
200,Francene,Ruddin,fruddin5j@msu.edu,Female,237.213.212.80,true,#aa6,XL,75
201,Laurie,Eastmead,leastmead5k@theglobeandmail.com,Female,96.73.162.30,false,#14a,M,30
202,Emylee,Summons,esummons5l@wisc.edu,Female,184.241.75.229,true,#423,2XL,42
203,Blair,Harnes,bharnes5m@netscape.com,Male,101.77.1.183,true,#908,M,19
204,Ivett,Hillock,ihillock5n@ox.ac.uk,Female,80.122.120.219,true,#d44,L,32
205,Tome,Gomersall,tgomersall5o@forbes.com,Male,0.159.86.13,true,#fcd,M,67
206,Justus,Hallbord,jhallbord5p@trellian.com,Male,87.137.236.34,true,#f5e,L,40
207,Casandra,Spinozzi,cspinozzi5q@squarespace.com,Polygender,23.70.96.82,true,#f53,3XL,42
208,Tally,Andrys,tandrys5r@mac.com,Male,30.137.197.145,true,#046,M,64
209,Ruben,Teacy,rteacy5s@reference.com,Male,136.59.199.98,false,#c12,XL,29
210,Enrichetta,Murgatroyd,emurgatroyd5t@friendfeed.com,Female,61.237.30.221,true,#6b7,S,56
211,Dominique,Hartas,dhartas5u@bloomberg.com,Female,108.169.180.248,true,#237,3XL,97
212,Teddie,Priter,tpriter5v@shinystat.com,Agender,132.20.163.236,true,#09e,3XL,59
213,Byrle,Trafford,btrafford5w@taobao.com,Male,46.185.213.35,true,#29a,M,85
214,Carly,Tantrum,ctantrum5x@cam.ac.uk,Male,112.177.192.234,false,#de4,3XL,29
215,Jade,Reddyhoff,jreddyhoff5y@wordpress.com,Female,140.233.243.151,false,#9ff,XS,76
216,Jayne,Hartop,jhartop5z@about.com,Female,196.38.43.151,true,#a07,XS,86
217,Amanda,Gasparro,agasparro60@delicious.com,Female,186.54.193.174,false,#8a7,3XL,30
218,Rheta,Blackborough,rblackborough61@theglobeandmail.com,Female,47.205.130.241,true,#abf,M,25
219,Antoine,Goodered,agoodered62@blinklist.com,Male,33.25.98.198,true,#e19,XS,49
220,Katha,Basketfield,kbasketfield63@t-online.de,Female,169.133.22.248,false,#010,L,32
221,Laney,Harken,lharken64@vimeo.com,Female,44.93.58.24,true,#ae2,M,51
222,Alic,Laise,alaise65@senate.gov,Male,238.166.85.218,false,#e2d,XL,39
223,Elysia,Beamand,ebeamand66@businessweek.com,Female,14.247.163.201,false,#728,2XL,19
224,Tammy,Fynan,tfynan67@hc360.com,Male,24.135.147.203,true,#3b5,L,68
225,Binky,Syfax,bsyfax68@wired.com,Male,201.59.70.169,false,#b66,M,44
226,Weider,Marusic,wmarusic69@bluehost.com,Male,115.123.221.90,false,#74d,XS,29
227,Shirley,Comusso,scomusso6a@elegantthemes.com,Female,98.21.234.27,false,#272,3XL,28
228,Leland,Mattiacci,lmattiacci6b@a8.net,Female,93.204.52.170,true,#00d,2XL,34
229,Carmelle,Perrygo,cperrygo6c@deliciousdays.com,Female,237.91.47.54,false,#21b,S,55
230,Debee,Hovee,dhovee6d@soup.io,Female,134.156.249.75,false,#43c,2XL,10
231,Wake,McQuie,wmcquie6e@usa.gov,Male,28.183.182.200,false,#d9e,S,80
232,Papagena,McGorley,pmcgorley6f@cmu.edu,Female,225.213.228.163,true,#835,XS,74
233,Arden,Trustrie,atrustrie6g@vkontakte.ru,Female,216.153.158.72,true,#75f,3XL,97
234,Adams,Thirkettle,athirkettle6h@scribd.com,Male,220.211.75.223,false,#024,XS,13
235,Charmain,Sawood,csawood6i@yahoo.com,Female,236.224.164.236,true,#6fb,XL,83
236,Teddy,Odell,todell6j@baidu.com,Male,12.207.44.131,true,#194,M,52
237,Amargo,Bernier,abernier6k@posterous.com,Female,138.92.79.247,false,#11b,XL,38
238,Jorge,Stein,jstein6l@taobao.com,Male,208.67.219.27,false,#578,2XL,17
239,Anna-diane,Andress,aandress6m@pcworld.com,Bigender,146.252.129.116,true,#78e,M,98
240,Paulie,Carren,pcarren6n@csmonitor.com,Female,85.45.106.162,false,#afa,XL,17
241,Xymenes,Hillyatt,xhillyatt6o@mozilla.org,Male,182.76.98.205,true,#08a,XL,98
242,Leanora,Basill,lbasill6p@webmd.com,Female,127.137.146.203,true,#34d,M,71
243,Candie,Sambell,csambell6q@discovery.com,Female,10.141.147.111,true,#495,S,56
244,Stevena,Wain,swain6r@google.fr,Female,179.45.204.35,false,#4ae,L,84
245,Marmaduke,Tinghill,mtinghill6s@yolasite.com,Male,57.82.83.50,true,#ae2,L,94
246,Allen,Goneau,agoneau6t@theguardian.com,Agender,22.114.20.9,true,#f24,L,51
247,Cory,Charker,ccharker6u@infoseek.co.jp,Female,94.206.250.144,true,#438,S,59
248,Petronille,Stubbins,pstubbins6v@vinaora.com,Female,133.196.137.111,true,#c24,L,54
249,Clementine,Pirri,cpirri6w@biglobe.ne.jp,Female,142.131.138.196,true,#0eb,L,73
250,Federica,Drinnan,fdrinnan6x@fda.gov,Female,97.57.118.14,true,#fa4,M,94
251,Cathryn,Knoble,cknoble6y@chronoengine.com,Female,40.134.109.161,true,#da6,2XL,89
252,Agathe,McTear,amctear6z@symantec.com,Genderqueer,161.24.165.66,false,#546,2XL,75
253,Moreen,Kellock,mkellock70@rediff.com,Female,78.163.81.33,false,#2c2,L,29
254,Ches,Kabos,ckabos71@dion.ne.jp,Polygender,42.194.31.185,true,#fb0,XS,45
255,Millisent,Hyman,mhyman72@comcast.net,Genderfluid,75.177.157.40,true,#042,S,46
256,Billye,Kenington,bkenington73@geocities.jp,Female,186.92.31.48,true,#476,M,20
257,Hershel,Yanshin,hyanshin74@thetimes.co.uk,Male,135.61.179.85,true,#6c1,L,85
258,Paulie,Cleall,pcleall75@wordpress.org,Male,33.202.171.133,true,#e62,M,39
259,Onfroi,Kellegher,okellegher76@bizjournals.com,Male,82.54.242.125,true,#454,3XL,46
260,Trude,Chesworth,tchesworth77@wsj.com,Female,160.168.136.248,true,#41d,M,86
261,Margret,Hrishchenko,mhrishchenko78@phpbb.com,Female,2.168.207.200,false,#3ed,3XL,79
262,Catarina,Bothbie,cbothbie79@ucoz.com,Female,16.156.35.58,true,#130,L,72
263,Auria,Coulthard,acoulthard7a@wix.com,Female,238.144.151.18,true,#58b,XL,56
264,Clerkclaude,Danes,cdanes7b@irs.gov,Male,228.50.74.69,false,#7d6,L,63
265,Cherin,Darling,cdarling7c@cpanel.net,Female,227.229.20.12,false,#575,XL,26
266,Fae,Tremayne,ftremayne7d@bloglovin.com,Female,150.44.223.137,true,#1e3,M,13
267,Crosby,Yitshak,cyitshak7e@webs.com,Genderqueer,62.31.254.158,false,#a16,XS,78
268,Ami,Artis,aartis7f@jalbum.net,Female,215.55.83.54,false,#707,XS,92
269,Margi,Rollo,mrollo7g@unc.edu,Female,197.174.232.216,false,#5bb,M,60
270,Lemar,Simoneschi,lsimoneschi7h@infoseek.co.jp,Male,244.154.77.46,false,#b37,M,80
271,Biron,Squire,bsquire7i@icio.us,Male,4.179.163.54,false,#f87,XL,54
272,Kile,Rosengren,krosengren7j@acquirethisname.com,Male,18.167.116.49,false,#4ba,L,19
273,Audre,Rudall,arudall7k@360.cn,Genderfluid,51.38.43.118,true,#486,3XL,62
274,Gran,Marzelo,gmarzelo7l@google.it,Male,105.250.40.114,false,#6b9,3XL,92
275,Benedetto,Yuranovev,byuranovev7m@typepad.com,Male,254.99.179.218,true,#019,3XL,20
276,Bianka,Duffil,bduffil7n@sourceforge.net,Female,221.66.160.61,false,#cd9,3XL,45
277,Lilas,LLelweln,lllelweln7o@360.cn,Bigender,83.211.22.195,true,#220,S,48
278,Cyndie,Jelley,cjelley7p@linkedin.com,Female,248.154.31.32,true,#73b,XL,22
279,Kiley,Brisseau,kbrisseau7q@shop-pro.jp,Female,188.92.228.154,false,#48e,L,60
280,Mattie,Benne,mbenne7r@is.gd,Male,65.126.150.0,false,#145,L,33
281,Ernst,Soppett,esoppett7s@wsj.com,Male,111.223.26.99,false,#e47,3XL,100
282,Donavon,Sheers,dsheers7t@admin.ch,Male,73.208.231.70,false,#e66,XL,72
283,Lydie,Antonin,lantonin7u@cargocollective.com,Female,136.251.214.135,false,#222,XS,46
284,Delmar,Klemenz,dklemenz7v@goo.ne.jp,Male,172.138.136.234,true,#5ca,3XL,56
285,Clint,Abdie,cabdie7w@disqus.com,Male,252.102.238.253,true,#1e4,L,91
286,Andreas,Bonifacio,abonifacio7x@examiner.com,Male,238.165.133.70,true,#d12,M,48
287,Aida,Rotte,arotte7y@friendfeed.com,Female,106.124.98.62,false,#87b,XS,10
288,Lenka,Wenden,lwenden7z@homestead.com,Female,174.136.230.117,true,#1bc,M,77
289,Mandy,Matherson,mmatherson80@weather.com,Female,65.57.212.203,true,#62e,L,55
290,Kahaleel,Master,kmaster81@pinterest.com,Male,191.151.231.165,true,#a48,S,64
291,Sanford,Malamore,smalamore82@abc.net.au,Non-binary,57.106.23.229,false,#34f,M,43
292,Rosamond,Jowers,rjowers83@tuttocitta.it,Female,44.209.17.78,false,#289,XS,67
293,Schuyler,Larkby,slarkby84@mozilla.org,Bigender,253.201.95.250,true,#14f,L,24
294,Jase,Tumility,jtumility85@t-online.de,Agender,236.240.180.200,false,#800,L,24
295,Latisha,O'Siaghail,losiaghail86@sciencedirect.com,Female,173.137.148.146,true,#819,3XL,69
296,Dell,Harvie,dharvie87@simplemachines.org,Male,196.142.45.14,false,#fb0,XL,90
297,Stanislaw,Jeaneau,sjeaneau88@disqus.com,Male,189.160.167.182,true,#b62,L,41
298,Kathie,Littledyke,klittledyke89@oakley.com,Female,215.237.19.104,false,#707,M,83
299,Trefor,Daborne,tdaborne8a@msn.com,Male,169.184.207.216,false,#948,XS,68
300,Francklin,Turford,fturford8b@bloglovin.com,Male,235.184.19.113,true,#d56,XL,95
301,Chas,Blandamere,cblandamere8c@pagesperso-orange.fr,Male,31.179.48.193,false,#1e7,2XL,18
302,Reginauld,Fermer,rfermer8d@e-recht24.de,Male,49.87.199.33,false,#ca2,3XL,36
303,Jeniece,Branthwaite,jbranthwaite8e@upenn.edu,Female,206.161.151.22,true,#44b,M,90
304,Carolee,Dickson,cdickson8f@myspace.com,Female,214.185.219.22,true,#c42,XS,79
305,Bob,Hugh,bhugh8g@omniture.com,Male,201.244.75.188,false,#25e,XL,15
306,Conny,Fawbert,cfawbert8h@nps.gov,Male,248.112.225.6,true,#46f,XL,53
307,Daria,Bonniface,dbonniface8i@mapquest.com,Female,197.95.164.143,false,#ee4,3XL,61
308,Milka,D' Angelo,mdangelo8j@woothemes.com,Female,51.217.180.101,false,#df2,XS,74
309,Mahalia,Annes,mannes8k@webs.com,Female,215.206.27.198,true,#1e8,S,58
310,Goran,Millmoe,gmillmoe8l@umn.edu,Male,140.157.27.240,true,#505,S,94
311,Hill,Bruhnicke,hbruhnicke8m@fc2.com,Male,36.36.248.189,false,#45b,XL,46
312,Adrian,Trask,atrask8n@indiegogo.com,Male,56.12.45.128,false,#a71,S,81
313,Bill,Haitlie,bhaitlie8o@tinyurl.com,Male,113.60.234.65,false,#f6c,3XL,50
314,Roderigo,Cornely,rcornely8p@mysql.com,Male,165.146.216.174,true,#1e5,M,51
315,Raynor,Simonich,rsimonich8q@wix.com,Male,131.164.215.47,true,#ccb,3XL,33
316,Kaspar,O'Lahy,kolahy8r@soup.io,Male,145.129.13.126,true,#24d,S,51
317,Lauren,Mathiassen,lmathiassen8s@whitehouse.gov,Male,6.106.106.241,false,#140,M,73
318,Jenica,Bratcher,jbratcher8t@tuttocitta.it,Female,161.27.159.66,true,#1cd,2XL,94
319,Katharina,Hillin,khillin8u@archive.org,Female,1.84.39.249,false,#914,L,17
320,Andris,de Verson,adeverson8v@ezinearticles.com,Male,28.198.233.125,true,#cf3,M,59
321,Jarret,Blewis,jblewis8w@bbb.org,Male,41.127.56.184,true,#ec1,XL,97
322,Saudra,Barten,sbarten8x@163.com,Polygender,66.217.183.197,true,#ffc,XL,50
323,Wilmer,Clingoe,wclingoe8y@flickr.com,Male,112.155.23.152,true,#c4e,L,16
324,Teresa,Presman,tpresman8z@free.fr,Female,200.68.165.69,true,#d27,3XL,79
325,Hayward,Shallow,hshallow90@histats.com,Male,95.86.113.176,true,#d87,XL,33
326,Mikel,Ruddock,mruddock91@purevolume.com,Male,181.4.47.35,true,#263,3XL,21
327,Guy,Perl,gperl92@paypal.com,Male,226.64.62.0,false,#f9e,XS,21
328,Renato,Smeal,rsmeal93@rakuten.co.jp,Male,104.51.85.118,false,#5fb,S,11
329,Gwendolin,Lowensohn,glowensohn94@earthlink.net,Female,84.182.138.230,true,#490,L,16
330,Corabelle,Ertelt,certelt95@shutterfly.com,Female,49.116.173.84,true,#1d3,M,77
331,Karola,Huckle,khuckle96@tinypic.com,Female,14.233.126.253,false,#30f,S,55
332,Skell,Brunger,sbrunger97@eventbrite.com,Male,136.108.44.172,false,#631,M,79
333,Maurise,Piet,mpiet98@fda.gov,Female,186.186.70.12,true,#a9e,XL,49
334,Elysee,Mayell,emayell99@hostgator.com,Female,173.132.247.46,true,#c0f,XS,75
335,Lucinda,Toppas,ltoppas9a@t-online.de,Female,121.115.170.19,true,#ff8,XS,93
336,Morganica,Lansdown,mlansdown9b@chronoengine.com,Female,8.71.198.164,true,#4a6,2XL,100
337,Adriena,Stading,astading9c@stumbleupon.com,Female,227.220.83.60,true,#bd2,3XL,43
338,Buddie,Berzons,bberzons9d@blogtalkradio.com,Male,32.117.163.245,true,#27b,L,44
339,Toni,Detoc,tdetoc9e@ftc.gov,Female,212.78.149.50,true,#bf2,XL,29
340,Loy,Gregorin,lgregorin9f@plala.or.jp,Male,98.250.126.72,false,#844,M,18
341,Angelina,Bettenay,abettenay9g@wp.com,Female,227.71.58.172,true,#36a,XL,11
342,Sara,Clutheram,sclutheram9h@ucoz.ru,Female,95.22.123.227,false,#87f,XS,48
343,Burch,Pennazzi,bpennazzi9i@odnoklassniki.ru,Male,19.118.83.231,false,#964,3XL,39
344,Arlee,Montez,amontez9j@nps.gov,Female,213.114.66.56,false,#b62,2XL,75
345,Rip,Fernan,rfernan9k@nsw.gov.au,Male,58.233.123.53,false,#a50,S,90
346,Milzie,Marr,mmarr9l@bloglovin.com,Female,252.157.125.228,false,#39c,S,66
347,Loralie,Karpenko,lkarpenko9m@rakuten.co.jp,Female,221.61.149.166,true,#e8c,S,80
348,Evered,Soall,esoall9n@1688.com,Male,41.89.27.61,false,#a2a,2XL,41
349,Samson,Handrik,shandrik9o@seattletimes.com,Male,89.3.176.25,false,#79f,XL,16
350,Catha,Tender,ctender9p@nydailynews.com,Female,214.47.24.47,false,#5a5,L,83
351,Robinia,Stopford,rstopford9q@flickr.com,Female,158.253.125.80,true,#446,2XL,86
352,Tomas,Le febre,tlefebre9r@chronoengine.com,Male,95.203.190.13,true,#09f,XS,45
353,Vera,Harder,vharder9s@cdc.gov,Female,76.251.72.83,true,#e98,XL,62
354,Elyse,Skipping,eskipping9t@opera.com,Female,119.194.1.160,true,#a52,M,42
355,Kaila,Wonham,kwonham9u@wunderground.com,Female,172.166.162.45,true,#dc3,L,39
356,Rosalynd,Stallion,rstallion9v@sitemeter.com,Female,227.125.134.141,true,#5aa,S,92
357,Bastien,Hauch,bhauch9w@ft.com,Male,16.105.131.150,true,#fd1,S,61
358,Tedmund,Gianni,tgianni9x@tuttocitta.it,Male,199.70.153.143,false,#52f,S,90
359,Malory,Ings,mings9y@amazonaws.com,Female,137.54.76.164,true,#18f,3XL,58
360,Ag,Perks,aperks9z@alibaba.com,Female,119.179.149.13,true,#0ff,2XL,88
361,Crystal,Durker,cdurkera0@friendfeed.com,Female,243.46.32.41,true,#c85,S,66
362,Cloe,McBain,cmcbaina1@alibaba.com,Female,133.106.203.254,false,#88d,L,76
363,Margarethe,Willets,mwilletsa2@gmpg.org,Female,42.65.118.39,false,#6a9,3XL,75
364,Doralyn,Bugden,dbugdena3@ameblo.jp,Female,209.243.166.87,false,#bb9,L,38
365,Ron,Gammel,rgammela4@tumblr.com,Male,175.251.230.120,false,#5ab,M,47
366,Ario,Tregust,atregusta5@mozilla.com,Male,97.88.95.242,true,#cf7,3XL,16
367,Ole,Roma,oromaa6@addthis.com,Male,11.120.196.78,true,#35a,3XL,90
368,Charity,List,clista7@hc360.com,Female,126.171.253.181,true,#9dc,M,13
369,Enrique,Peat,epeata8@dot.gov,Male,53.192.203.156,false,#4cc,2XL,45
370,Milly,Adamoli,madamolia9@npr.org,Female,48.82.91.99,false,#e8e,L,77
371,Timofei,Ledwith,tledwithaa@angelfire.com,Male,173.118.176.16,true,#9a6,M,86
372,Rodolfo,Vaney,rvaneyab@list-manage.com,Genderqueer,1.253.85.235,true,#be6,2XL,71
373,Arlyn,Reaman,areamanac@e-recht24.de,Female,8.233.43.236,false,#b9a,3XL,36
374,Pierrette,Hagergham,phagerghamad@odnoklassniki.ru,Genderfluid,49.156.45.218,false,#299,XL,56
375,Oberon,Duff,oduffae@sina.com.cn,Male,202.86.73.247,true,#d88,M,17
376,Sunshine,Berens,sberensaf@facebook.com,Female,250.181.22.0,true,#5f5,L,56
377,Daveta,Cattrall,dcattrallag@hexun.com,Female,65.111.205.204,true,#430,3XL,11
378,Nathanael,Siveter,nsiveterah@blogger.com,Bigender,255.158.233.72,true,#c89,3XL,32
379,Chicky,Coom,ccoomai@archive.org,Female,149.6.225.7,true,#9fe,3XL,14
380,Evelyn,Giacomasso,egiacomassoaj@baidu.com,Female,225.99.59.124,false,#a00,XS,87
381,Willabella,Lyven,wlyvenak@tripod.com,Female,214.19.189.75,true,#4fa,XS,56
382,Kippie,Exon,kexonal@wikispaces.com,Male,163.56.42.210,true,#8ae,2XL,69
383,Francois,Coatham,fcoathamam@lulu.com,Male,235.154.72.82,true,#663,XS,40
384,Kilian,Merrin,kmerrinan@nasa.gov,Male,53.105.148.111,false,#157,L,57
385,Claire,Chaplin,cchaplinao@imdb.com,Female,6.234.22.186,true,#da2,3XL,57
386,Ravi,Rosberg,rrosbergap@github.com,Male,136.96.31.140,false,#4bd,3XL,90
387,Olwen,Aries,oariesaq@si.edu,Female,126.250.63.235,false,#c5f,2XL,18
388,Jane,Lapping,jlappingar@buzzfeed.com,Female,36.189.12.199,false,#19d,XS,35
389,Mirabel,Tabary,mtabaryas@google.com.au,Female,207.66.165.66,false,#cb9,M,95
390,Ruthi,Sheehy,rsheehyat@dell.com,Female,2.140.151.42,false,#411,M,54
391,Salli,Ditts,sdittsau@hud.gov,Female,203.85.123.21,false,#c24,XS,28
392,Vincents,Mannion,vmannionav@sun.com,Male,142.26.118.158,true,#c2c,XS,37
393,Gardener,Henniger,ghennigeraw@tumblr.com,Male,155.150.14.195,true,#1d0,2XL,69
394,Tally,Davy,tdavyax@gmpg.org,Male,152.27.18.94,false,#77d,2XL,46
395,Annmaria,Tither,atitheray@cocolog-nifty.com,Genderqueer,176.134.81.28,true,#7ea,XS,81
396,Aimee,Simoncello,asimoncelloaz@google.ru,Female,199.221.60.208,true,#bc9,XL,97
397,Gerome,Burden,gburdenb0@technorati.com,Male,90.145.70.70,false,#598,M,41
398,Cullen,Elphick,celphickb1@nytimes.com,Male,81.249.94.62,false,#3e2,L,88
399,Micky,Emanuelli,memanuellib2@amazon.co.uk,Male,212.43.90.156,true,#584,2XL,76
400,Giles,Feare,gfeareb3@barnesandnoble.com,Male,129.31.237.181,false,#885,S,68
401,Mychal,Haime,mhaimeb4@i2i.jp,Male,228.18.171.94,false,#70a,M,91
402,Sheryl,Nani,snanib5@imgur.com,Polygender,215.190.21.120,true,#a1d,L,60
403,Lia,Oddy,loddyb6@cnet.com,Female,92.1.245.133,false,#1c7,XL,95
404,Lanny,Filipiak,lfilipiakb7@google.cn,Non-binary,208.65.46.201,true,#b91,3XL,77
405,Mikel,Killeley,mkilleleyb8@livejournal.com,Male,193.2.214.121,false,#9f3,2XL,42
406,Riva,Spurdens,rspurdensb9@joomla.org,Female,162.222.159.155,true,#f1a,2XL,19
407,Jordan,Fernehough,jfernehoughba@w3.org,Genderqueer,10.189.4.114,true,#812,L,25
408,Jena,Wedgwood,jwedgwoodbb@google.com.hk,Female,115.139.136.146,true,#56f,XS,80
409,Madelon,Behning,mbehningbc@google.nl,Female,61.245.66.161,false,#ce6,L,92
410,Abdel,Spiaggia,aspiaggiabd@canalblog.com,Polygender,203.6.83.62,false,#abe,S,63
411,Kliment,Stolting,kstoltingbe@elpais.com,Male,70.211.245.67,false,#a4a,M,40
412,Burke,Miko,bmikobf@infoseek.co.jp,Genderqueer,33.84.22.201,true,#7db,L,58
413,Tristan,Falla,tfallabg@goodreads.com,Non-binary,212.178.156.54,true,#46c,3XL,12
414,Rex,Halleday,rhalledaybh@1688.com,Male,10.1.134.77,true,#0a0,L,91
415,Joelynn,Goodbourn,jgoodbournbi@bbc.co.uk,Female,144.90.95.5,true,#acf,2XL,68
416,Aridatha,Digges,adiggesbj@seesaa.net,Female,88.23.53.243,false,#016,XS,97
417,Jedd,Broom,jbroombk@slashdot.org,Male,189.109.175.137,true,#36d,M,34
418,Marcela,Iapico,miapicobl@ifeng.com,Polygender,91.61.132.167,true,#4cc,2XL,37
419,Quinn,Inger,qingerbm@ebay.com,Female,204.185.58.106,false,#3f4,M,98
420,Kalil,Triplett,ktriplettbn@unicef.org,Male,79.33.197.122,false,#f48,S,29
421,Lindy,Marsters,lmarstersbo@msn.com,Female,172.67.148.255,false,#8ce,XS,71
422,Parrnell,Culshaw,pculshawbp@is.gd,Male,242.114.196.54,false,#423,XL,77
423,Lotty,Shitliffe,lshitliffebq@com.com,Female,60.53.127.6,false,#d3c,2XL,57
424,Quinn,De Blase,qdeblasebr@wordpress.com,Female,7.232.88.100,true,#424,3XL,84
425,Culley,Clabburn,cclabburnbs@instagram.com,Male,34.198.204.196,true,#335,S,28
426,Cole,Busswell,cbusswellbt@goo.gl,Male,219.251.149.43,false,#d33,XL,52
427,Marillin,Cornuau,mcornuaubu@shinystat.com,Polygender,37.185.46.140,true,#a8c,XS,51
428,Sarah,Duran,sduranbv@columbia.edu,Female,100.21.81.178,true,#e37,3XL,20
429,Hayward,Perrelli,hperrellibw@hubpages.com,Male,132.176.11.15,false,#06c,3XL,22
430,Auria,Hain,ahainbx@youku.com,Female,53.134.171.135,true,#a9e,XS,41
431,Madelle,Canedo,mcanedoby@squarespace.com,Female,249.215.193.24,true,#e48,XL,47
432,Emily,Scowcroft,escowcroftbz@desdev.cn,Female,119.255.222.107,false,#f93,2XL,32
433,Donnamarie,Giovannoni,dgiovannonic0@prlog.org,Female,2.162.124.91,false,#72a,XS,98
434,Bond,Arghent,barghentc1@networkadvertising.org,Male,230.13.185.106,true,#fe9,XL,100
435,Porty,Mingard,pmingardc2@telegraph.co.uk,Male,207.79.252.71,false,#b6b,L,32
436,Koenraad,Coleborn,kcolebornc3@spiegel.de,Male,97.251.213.15,false,#3f0,3XL,96
437,Dacia,Torres,dtorresc4@msn.com,Female,4.135.179.224,false,#921,XL,90
438,Irita,Sidebotham,isidebothamc5@oaic.gov.au,Female,145.120.165.92,true,#d2c,M,61
439,Barn,Souter,bsouterc6@networksolutions.com,Male,245.147.96.20,false,#6a0,XL,11
440,Ginger,Toner,gtonerc7@smh.com.au,Male,19.164.137.235,false,#48e,3XL,34
441,Tova,Cottis,tcottisc8@mozilla.org,Female,7.122.132.91,false,#671,3XL,100
442,Leta,Robart,lrobartc9@si.edu,Female,224.138.120.174,false,#473,XL,39
443,Duff,Sommerfeld,dsommerfeldca@artisteer.com,Male,239.154.106.131,true,#b94,XL,62
444,Tod,Itzkovwitch,titzkovwitchcb@lycos.com,Male,11.218.41.209,true,#41d,L,29
445,Dory,Bassingham,dbassinghamcc@linkedin.com,Genderqueer,58.65.95.205,true,#678,2XL,77
446,Dora,Robbe,drobbecd@google.com.au,Female,39.172.143.188,false,#b3a,3XL,12
447,Lisette,Sinkin,lsinkince@sourceforge.net,Female,129.162.39.49,true,#629,S,96
448,Sophronia,Le Port,sleportcf@photobucket.com,Female,242.196.189.175,false,#295,3XL,58
449,Erik,Tarrier,etarriercg@redcross.org,Non-binary,119.14.193.91,true,#9e3,XS,37
450,Winston,Gwynne,wgwynnech@yale.edu,Male,128.192.222.171,false,#df6,XS,55
451,Tessie,McCrisken,tmccriskenci@cafepress.com,Female,80.70.58.198,true,#22e,S,66
452,Margareta,Deelay,mdeelaycj@tinypic.com,Female,183.97.217.123,false,#1a8,M,74
453,Gwynne,Hallbird,ghallbirdck@miitbeian.gov.cn,Female,166.212.97.29,true,#b79,S,40
454,Merwyn,Danher,mdanhercl@arstechnica.com,Male,56.182.225.2,true,#12f,XL,76
455,Fallon,Merwede,fmerwedecm@slideshare.net,Female,145.72.162.33,false,#612,M,70
456,Hunt,Piddle,hpiddlecn@livejournal.com,Male,78.20.159.70,false,#501,XL,27
457,Vaughan,Palumbo,vpalumboco@businesswire.com,Male,120.146.131.106,false,#cb0,2XL,32
458,Arin,Andrich,aandrichcp@tumblr.com,Male,48.109.143.87,true,#341,M,87
459,Diahann,Puve,dpuvecq@aboutads.info,Female,160.109.210.227,false,#634,XS,74
460,Helli,Hollows,hhollowscr@goo.gl,Female,185.123.221.29,true,#9a0,2XL,54
461,Letta,Van den Velde,lvandenveldecs@hud.gov,Female,178.195.171.132,false,#5df,M,83
462,Sloan,Sandbach,ssandbachct@g.co,Male,227.250.65.56,true,#262,M,68
463,Ben,Etchingham,betchinghamcu@dmoz.org,Male,5.48.21.224,false,#a98,S,36
464,Heywood,McAlroy,hmcalroycv@omniture.com,Male,83.139.54.74,true,#374,S,27
465,Griffin,McCullough,gmcculloughcw@webs.com,Male,78.246.2.195,true,#151,XL,54
466,Artemas,Hosburn,ahosburncx@mapy.cz,Male,152.254.214.9,true,#9b3,XL,91
467,Curran,Churches,cchurchescy@gizmodo.com,Male,61.228.136.127,true,#620,M,18
468,Cchaddie,Seneschal,cseneschalcz@google.ca,Male,178.14.185.27,false,#2d9,L,61
469,Ring,Piddlehinton,rpiddlehintond0@devhub.com,Male,186.35.26.26,true,#9ae,3XL,94
470,Hildy,Corzor,hcorzord1@netlog.com,Female,182.210.123.127,false,#38d,3XL,73
471,Salim,Winteringham,swinteringhamd2@drupal.org,Male,236.147.218.8,true,#193,S,83
472,Fonsie,McLinden,fmclindend3@comcast.net,Male,22.136.234.82,true,#634,XS,16
473,Hercules,Allbut,hallbutd4@nba.com,Male,106.252.169.23,false,#057,XL,81
474,Alard,Leah,aleahd5@webs.com,Polygender,166.250.217.170,true,#2b5,3XL,95
475,Tara,Pinor,tpinord6@ed.gov,Female,36.234.12.72,true,#66f,XL,78
476,Arabella,Goulthorp,agoulthorpd7@ihg.com,Female,210.5.113.48,false,#55d,XL,68
477,Aurelia,Issakov,aissakovd8@auda.org.au,Female,174.86.96.93,true,#fc5,XS,75
478,Glyn,Morriss,gmorrissd9@ihg.com,Male,210.33.126.16,false,#37c,3XL,20
479,Laura,Thal,lthalda@photobucket.com,Agender,115.236.9.248,false,#2bc,XL,15
480,Tandy,Mundee,tmundeedb@cloudflare.com,Female,158.163.87.209,true,#b11,XL,24
481,Henderson,Crinkley,hcrinkleydc@reddit.com,Genderqueer,196.249.210.1,false,#dfe,L,82
482,Krystyna,Grazier,kgrazierdd@ehow.com,Female,73.29.133.195,true,#266,2XL,83
483,Sal,Fisbburne,sfisbburnede@china.com.cn,Male,212.138.42.88,true,#a5c,XS,87
484,Kinnie,Blanning,kblanningdf@mapy.cz,Polygender,180.220.204.111,true,#b73,S,56
485,Graham,Egdal,gegdaldg@sun.com,Male,123.185.149.190,false,#a42,M,90
486,Greg,Room,groomdh@hexun.com,Male,222.122.70.245,false,#c81,M,33
487,Audrey,Ridsdale,aridsdaledi@dmoz.org,Female,26.194.132.16,true,#2a9,L,91
488,Francois,Rhucroft,frhucroftdj@vimeo.com,Non-binary,73.173.236.21,true,#a42,L,35
489,Elliot,Snap,esnapdk@msn.com,Male,122.123.247.122,true,#839,S,21
490,Paxon,Dufall,pdufalldl@dailymail.co.uk,Male,105.5.130.93,true,#5da,XS,34
491,Rogerio,Fautley,rfautleydm@seattletimes.com,Male,148.16.124.58,true,#d27,XS,35
492,Elyssa,Nornable,enornabledn@cisco.com,Female,223.254.189.144,true,#29f,S,28
493,Tami,Ovey,toveydo@ox.ac.uk,Female,52.51.101.197,false,#034,XS,58
494,Weidar,Verey,wvereydp@admin.ch,Male,226.98.6.248,false,#0f9,S,53
495,Clerkclaude,Seamark,cseamarkdq@house.gov,Agender,79.132.158.48,true,#0a0,M,46
496,Norma,Impy,nimpydr@tmall.com,Female,75.145.11.234,true,#ee8,2XL,95
497,Christos,Hodges,chodgesds@odnoklassniki.ru,Genderfluid,150.240.236.3,true,#4e6,XS,71
498,Shep,Lachaize,slachaizedt@e-recht24.de,Male,162.128.238.10,true,#74f,S,34
499,Margie,Peddersen,mpeddersendu@opensource.org,Female,78.140.108.171,true,#1d8,3XL,74
500,Marcie,MacCroary,mmaccroarydv@phpbb.com,Female,114.144.124.132,false,#b34,3XL,90
501,Lionel,Hoovart,lhoovartdw@harvard.edu,Male,203.46.43.214,false,#df5,2XL,20
502,Rutter,Timmens,rtimmensdx@usda.gov,Male,170.225.156.133,false,#604,XS,94
503,Iorgos,Utley,iutleydy@dell.com,Male,103.16.146.198,true,#019,M,17
504,Rayna,Wallett,rwallettdz@biblegateway.com,Female,37.81.6.230,true,#69c,S,12
505,Zechariah,Frain,zfraine0@wp.com,Male,1.126.95.249,false,#000,XS,17
506,Curcio,Merill,cmerille1@google.fr,Male,50.51.168.144,true,#002,3XL,10
507,Gauthier,Dyment,gdymente2@paginegialle.it,Male,232.237.117.246,false,#5da,XS,26
508,Carlie,Farnaby,cfarnabye3@harvard.edu,Female,139.183.178.104,false,#537,3XL,90
509,Alys,Mc-Kerley,amckerleye4@uol.com.br,Female,243.227.20.145,true,#e0c,L,20
510,Adelbert,Holleran,ahollerane5@odnoklassniki.ru,Male,113.70.103.86,true,#e3d,XS,67
511,Alli,Endrighi,aendrighie6@nationalgeographic.com,Female,135.250.8.32,false,#8d7,L,66
512,Charmian,Chaldecott,cchaldecotte7@kickstarter.com,Female,195.56.232.149,false,#06e,2XL,71
513,Clint,Bly,cblye8@illinois.edu,Male,24.31.18.61,false,#4a8,XS,33
514,Warner,Traite,wtraitee9@netvibes.com,Male,193.136.254.137,true,#c80,XS,29
515,Valerye,Bohea,vboheaea@army.mil,Female,83.47.216.60,false,#7f0,L,22
516,Melly,Timpany,mtimpanyeb@arizona.edu,Female,55.194.219.113,true,#a72,XL,37
517,Alvan,Fraczek,afraczekec@topsy.com,Male,42.205.87.39,false,#dae,M,21
518,Gareth,Silkston,gsilkstoned@usatoday.com,Male,162.42.100.182,true,#3fb,XL,67
519,Cordy,Rottcher,crottcheree@miitbeian.gov.cn,Female,25.251.25.255,false,#c66,M,14
520,Carola,Madner,cmadneref@w3.org,Female,48.32.60.175,false,#197,S,64
521,Hyatt,Lount,hlounteg@wsj.com,Genderqueer,205.139.123.220,false,#cc1,2XL,45
522,Waldon,Grishankov,wgrishankoveh@wikia.com,Male,111.166.74.131,true,#be5,XL,70
523,Kiel,Claringbold,kclaringboldei@walmart.com,Male,179.120.103.131,true,#32e,3XL,83
524,Melody,Steventon,msteventonej@indiegogo.com,Female,249.155.130.34,true,#8f0,3XL,55
525,Helena,Klulik,hklulikek@wix.com,Female,16.87.208.217,true,#127,2XL,43
526,Marcile,Odcroft,modcroftel@acquirethisname.com,Female,41.157.149.77,false,#126,XL,96
527,Herculie,Laverenz,hlaverenzem@surveymonkey.com,Male,161.164.139.108,false,#3b1,3XL,21
528,Travus,Shallcrass,tshallcrassen@uiuc.edu,Non-binary,127.161.175.215,false,#092,3XL,90
529,Kimberley,Littlekit,klittlekiteo@smugmug.com,Female,47.245.148.250,false,#430,L,69
530,Natividad,Necrews,nnecrewsep@earthlink.net,Female,145.121.231.41,true,#faf,3XL,84
531,Cherrita,Guitonneau,cguitonneaueq@marriott.com,Female,55.193.196.41,true,#177,L,56
532,Annaliese,Helbeck,ahelbecker@aol.com,Bigender,150.177.203.96,false,#8bb,XL,78
533,Anatole,Wickstead,awicksteades@posterous.com,Male,189.248.244.58,true,#c5e,3XL,12
534,Orton,Colcomb,ocolcombet@posterous.com,Male,73.33.224.3,false,#d9f,XS,53
535,Marlo,Cradey,mcradeyeu@ustream.tv,Male,129.208.217.69,true,#fce,M,24
536,Jeanette,Bonallick,jbonallickev@cargocollective.com,Female,58.164.59.39,false,#6af,S,57
537,Wilfrid,Casino,wcasinoew@drupal.org,Male,14.159.242.49,true,#77f,3XL,22
538,Sonia,Borgnol,sborgnolex@marketwatch.com,Female,138.153.233.34,false,#dfe,2XL,12
539,Minda,Lackmann,mlackmanney@slashdot.org,Female,252.123.180.36,true,#f24,XL,96
540,Reta,Klimmek,rklimmekez@indiatimes.com,Genderqueer,119.177.68.64,false,#5f9,3XL,62
541,Farlee,Dillaway,fdillawayf0@goo.gl,Male,41.97.171.234,false,#0bf,S,44
542,Kaitlynn,Jerwood,kjerwoodf1@archive.org,Female,80.167.90.194,false,#f3c,L,29
543,Etan,Riditch,eriditchf2@sfgate.com,Male,188.139.89.28,true,#a03,S,92
544,Tyrus,Wellstood,twellstoodf3@spotify.com,Male,80.39.144.225,true,#096,S,96
545,Ardelle,Willavoys,awillavoysf4@about.me,Female,231.255.197.20,true,#9d0,2XL,16
546,Kory,Birkin,kbirkinf5@netscape.com,Male,11.206.127.136,true,#ad7,M,41
547,Johny,Stilwell,jstilwellf6@europa.eu,Male,216.225.75.111,false,#682,L,38
548,Cecil,Jasiak,cjasiakf7@seesaa.net,Genderqueer,125.195.164.230,false,#b53,XS,96
549,Early,Bugdale,ebugdalef8@paginegialle.it,Male,225.183.186.196,false,#32d,XS,78
550,Harrison,Portwaine,hportwainef9@mashable.com,Male,131.221.97.60,true,#5ea,M,16
551,Gottfried,MacChaell,gmacchaellfa@sina.com.cn,Male,164.207.205.149,true,#ecd,L,44
552,Bliss,Kennsley,bkennsleyfb@noaa.gov,Female,105.218.19.110,false,#277,3XL,57
553,Adam,Westrope,awestropefc@usda.gov,Male,102.243.192.219,false,#67d,M,43
554,Helaina,Deniseau,hdeniseaufd@berkeley.edu,Polygender,39.65.125.38,true,#f69,M,97
555,Giffie,Plait,gplaitfe@dell.com,Male,32.145.115.144,false,#474,M,48
556,Olvan,MacTrustrie,omactrustrieff@comsenz.com,Male,24.207.15.28,true,#fb7,XL,55
557,Bunny,Fesby,bfesbyfg@cbsnews.com,Female,98.172.167.166,true,#0d7,XL,12
558,Agosto,Maskelyne,amaskelynefh@nsw.gov.au,Male,207.181.168.35,true,#df1,S,24
559,Broderic,Stawell,bstawellfi@wp.com,Male,171.168.208.184,false,#a68,M,89
560,Darlleen,Fraanchyonok,dfraanchyonokfj@bluehost.com,Female,31.71.82.59,false,#8b9,3XL,19
561,Chariot,Teresi,cteresifk@soundcloud.com,Male,250.1.254.46,false,#136,M,80
562,Sissy,Chancelier,schancelierfl@furl.net,Female,146.75.104.217,true,#436,S,23
563,Nat,Stollenhof,nstollenhoffm@drupal.org,Male,155.248.102.241,false,#04e,S,79
564,Erminie,Yeomans,eyeomansfn@usnews.com,Female,110.81.70.49,false,#a1c,3XL,93
565,Esme,Yerrall,eyerrallfo@amazon.de,Female,0.208.95.195,true,#810,3XL,83
566,Carmelle,Deverock,cdeverockfp@howstuffworks.com,Female,174.142.222.155,true,#cc0,M,42
567,Christal,Glennie,cglenniefq@cocolog-nifty.com,Female,151.52.203.39,true,#427,XS,45
568,Merell,Lackie,mlackiefr@hibu.com,Male,218.52.98.66,false,#f67,2XL,61
569,Maggy,Malatalant,mmalatalantfs@blog.com,Female,144.162.46.172,false,#5a1,S,58
570,Ray,Feyer,rfeyerft@drupal.org,Female,178.155.17.178,true,#51e,XS,94
571,Ikey,Dunks,idunksfu@istockphoto.com,Male,234.87.244.189,false,#e16,XS,91
572,Orly,D'Aulby,odaulbyfv@4shared.com,Female,171.129.206.141,true,#faf,3XL,73
573,Gabriel,Allridge,gallridgefw@nih.gov,Female,42.79.84.17,true,#b1d,2XL,75
574,Alisun,Braxay,abraxayfx@weibo.com,Female,37.169.17.35,true,#9af,L,69
575,Maris,Clail,mclailfy@tamu.edu,Female,19.250.240.57,false,#683,2XL,63
576,Herbert,Poulett,hpoulettfz@tinyurl.com,Agender,90.201.238.8,false,#859,XS,10
577,Frederique,Tunniclisse,ftunniclisseg0@tmall.com,Female,160.3.147.229,true,#c80,M,54
578,Lilah,Sackler,lsacklerg1@google.com,Female,247.241.154.22,true,#393,3XL,100
579,Gavan,Tedridge,gtedridgeg2@ebay.com,Male,248.128.210.51,false,#eec,L,96
580,Enrico,Tonbye,etonbyeg3@tamu.edu,Male,150.230.44.129,false,#e3e,XL,38
581,Jillene,Abelov,jabelovg4@1und1.de,Female,225.52.197.241,false,#6c8,3XL,38
582,Tarrance,Chiommienti,tchiommientig5@paginegialle.it,Male,103.239.3.176,false,#8d5,2XL,15
583,Raynard,Dalyiel,rdalyielg6@wsj.com,Genderqueer,146.24.174.36,false,#e8c,XS,32
584,Leilah,Iianon,liianong7@spiegel.de,Female,152.15.28.156,false,#7c6,M,100
585,Ase,Melton,ameltong8@hugedomains.com,Male,223.134.31.78,true,#2ab,XS,20
586,Vivie,Sparsholt,vsparsholtg9@blogger.com,Female,213.70.78.203,true,#417,XS,28
587,Rodrique,O'Nions,ronionsga@furl.net,Male,57.213.205.123,true,#f5b,XS,45
588,Oliy,Leinweber,oleinwebergb@skyrock.com,Female,123.168.99.19,false,#eaf,M,95
589,Derwin,Husby,dhusbygc@reddit.com,Male,160.49.84.22,false,#b9d,2XL,90
590,Tansy,Atcherley,tatcherleygd@nps.gov,Female,47.114.74.168,true,#1f1,3XL,40
591,Allister,Stedmond,astedmondge@php.net,Male,46.120.51.16,true,#86d,3XL,67
592,Freddy,Duckers,fduckersgf@zimbio.com,Male,91.206.37.115,true,#915,S,84
593,Ronald,Isacq,risacqgg@digg.com,Male,179.10.205.8,true,#d76,XS,44
594,Florencia,Eles,felesgh@posterous.com,Female,251.38.20.57,false,#c19,3XL,41
595,Desmund,Mattingley,dmattingleygi@geocities.com,Polygender,111.29.224.235,true,#553,XL,66
596,Mercy,Keitley,mkeitleygj@virginia.edu,Female,157.39.110.127,false,#d03,2XL,49
597,Elbertina,Flemmich,eflemmichgk@bravesites.com,Female,98.238.118.251,true,#0be,XS,95
598,Lauree,Yerrall,lyerrallgl@nyu.edu,Female,48.154.53.54,true,#bb9,M,77
599,Genny,Kaliszewski,gkaliszewskigm@zdnet.com,Female,234.232.104.179,true,#187,3XL,10
600,Anallise,Haborn,ahaborngn@netscape.com,Female,23.114.0.146,false,#539,M,30
601,Terrie,Langan,tlangango@drupal.org,Female,36.87.226.112,false,#6a6,2XL,73
602,Dennis,Wakefield,dwakefieldgp@nytimes.com,Male,82.153.63.85,true,#f07,L,47
603,Margret,Ticic,mticicgq@nsw.gov.au,Female,56.184.226.136,false,#75b,3XL,21
604,Addison,Radborne,aradbornegr@theglobeandmail.com,Male,86.81.63.103,false,#f16,S,16
605,Mel,Baldree,mbaldreegs@slideshare.net,Non-binary,178.48.117.247,false,#9a4,L,46
606,Katharyn,Winley,kwinleygt@creativecommons.org,Female,95.163.173.164,true,#806,3XL,35
607,Cher,Vasilyevski,cvasilyevskigu@sogou.com,Female,236.74.75.114,true,#36f,S,86
608,Powell,Steketee,psteketeegv@globo.com,Male,54.237.253.229,true,#9b6,S,52
609,Cosetta,Bentjens,cbentjensgw@vistaprint.com,Female,148.78.238.77,false,#62c,XL,33
610,Bruis,Godart,bgodartgx@wired.com,Male,187.29.141.63,true,#9b6,2XL,78
611,Madge,Simmonds,msimmondsgy@loc.gov,Female,180.86.81.14,false,#ba9,2XL,85
612,Rickie,Worsom,rworsomgz@imdb.com,Male,133.30.135.61,true,#441,XS,64
613,Tris,Elgee,telgeeh0@t.co,Male,95.142.5.6,true,#e24,L,94
614,Angeli,Wildey,awildeyh1@google.es,Male,96.176.37.109,true,#626,M,58
615,Tiffani,Petroulis,tpetroulish2@delicious.com,Polygender,165.190.183.97,false,#2c6,XL,43
616,Elston,Measey,emeaseyh3@fda.gov,Male,214.45.93.191,true,#e16,2XL,93
617,Papagena,Bestwerthick,pbestwerthickh4@cdbaby.com,Female,240.252.244.128,true,#ed1,3XL,68
618,Frannie,Weekly,fweeklyh5@miitbeian.gov.cn,Non-binary,72.126.28.30,false,#9aa,2XL,48
619,Hermy,De Cruce,hdecruceh6@dailymotion.com,Male,104.100.49.190,false,#076,M,21
620,Erl,Slyman,eslymanh7@over-blog.com,Male,154.168.223.27,true,#b76,XS,63
621,Jameson,Sheals,jshealsh8@oaic.gov.au,Male,253.194.68.72,true,#c92,S,48
622,Poppy,Basso,pbassoh9@51.la,Female,82.194.90.78,false,#5b4,XS,55
623,Paula,Ferraresi,pferraresiha@google.ru,Female,222.246.118.187,true,#ce2,XS,72
624,Elianora,Davet,edavethb@psu.edu,Female,115.124.102.40,false,#9ca,3XL,97
625,Warden,Jakeman,wjakemanhc@nbcnews.com,Male,102.34.13.90,false,#5f3,M,23
626,Flemming,Gennerich,fgennerichhd@surveymonkey.com,Male,87.90.124.244,true,#3cd,S,33
627,Cathy,Phripp,cphripphe@ehow.com,Female,72.208.180.138,true,#329,M,53
628,Verine,Baumler,vbaumlerhf@merriam-webster.com,Female,237.30.180.184,false,#eb4,S,88
629,Myrtie,Petracco,mpetraccohg@patch.com,Female,15.168.218.205,true,#d7e,2XL,38
630,Elijah,Weiser,eweiserhh@bbb.org,Male,102.193.113.78,false,#3e6,2XL,28
631,Aigneis,Berford,aberfordhi@e-recht24.de,Female,27.29.4.60,false,#25f,M,68
632,Staffard,Postlethwaite,spostlethwaitehj@meetup.com,Male,116.93.82.67,true,#113,XL,22
633,Delia,Gildersleaves,dgildersleaveshk@psu.edu,Female,162.20.108.20,true,#8ba,XS,99
634,Fanya,Weightman,fweightmanhl@hud.gov,Female,174.131.93.143,true,#ea4,L,90
635,Rogerio,Olivi,rolivihm@marriott.com,Male,140.72.195.148,false,#561,3XL,27
636,Roland,Matias,rmatiashn@booking.com,Male,122.4.179.131,true,#f1b,3XL,43
637,Chloe,Mathen,cmathenho@columbia.edu,Female,140.205.200.127,false,#81b,XS,40
638,Alameda,Gettone,agettonehp@com.com,Female,106.20.91.10,false,#0de,2XL,56
639,Vasily,Feeham,vfeehamhq@woothemes.com,Male,8.124.145.26,false,#13b,M,33
640,Nichole,McQuin,nmcquinhr@booking.com,Male,166.125.245.87,true,#1ee,S,37
641,Mariann,Heel,mheelhs@goo.gl,Female,216.6.9.244,true,#1d3,2XL,63
642,Dulcea,Basile,dbasileht@guardian.co.uk,Female,66.58.251.195,false,#afb,XL,48
643,Florina,Fairbard,ffairbardhu@homestead.com,Female,89.108.70.139,true,#f56,S,34
644,Kareem,Orro,korrohv@mashable.com,Genderfluid,134.87.221.55,false,#8e7,M,62
645,Wini,Tomczynski,wtomczynskihw@upenn.edu,Female,18.224.216.33,false,#66c,2XL,35
646,Berta,Thornally,bthornallyhx@de.vu,Female,139.193.169.235,false,#f8a,XL,59
647,Husein,Di Ruggiero,hdiruggierohy@sciencedirect.com,Polygender,54.78.189.106,true,#893,XS,23
648,Mayne,Longridge,mlongridgehz@google.ca,Male,175.186.119.180,false,#564,M,29
649,Griffy,Gallety,ggalletyi0@soup.io,Male,58.111.236.36,true,#2ee,S,89
650,Randi,Pedley,rpedleyi1@gov.uk,Female,254.207.47.31,false,#152,2XL,72
651,Norry,Relph,nrelphi2@comsenz.com,Female,222.44.135.225,true,#21b,2XL,97
652,Elsey,Humpatch,ehumpatchi3@archive.org,Female,16.166.204.73,true,#8d8,XS,52
653,Rob,McMorran,rmcmorrani4@ezinearticles.com,Male,166.14.41.167,true,#f86,2XL,36
654,Kincaid,Kenan,kkenani5@zdnet.com,Male,245.0.82.16,false,#5c8,S,31
655,Olivero,Weedon,oweedoni6@google.ru,Male,217.25.91.182,false,#f68,XL,77
656,Archer,Moresby,amoresbyi7@twitpic.com,Male,148.252.44.4,true,#5c7,XL,62
657,Titos,Bauckham,tbauckhami8@wikipedia.org,Agender,156.60.17.41,true,#799,XL,14
658,Phyllis,Clare,pclarei9@barnesandnoble.com,Non-binary,36.50.205.251,false,#16f,XL,100
659,Sibella,Abbet,sabbetia@skype.com,Female,52.196.238.22,false,#98f,2XL,99
660,Jenilee,Norree,jnorreeib@tripod.com,Female,26.42.16.225,true,#e39,XL,57
661,Clari,Alexsandrowicz,calexsandrowiczic@google.fr,Female,200.60.17.196,false,#119,3XL,17
662,Valene,Melpuss,vmelpussid@ftc.gov,Female,39.180.103.74,false,#5f6,3XL,23
663,Elmo,Lydster,elydsterie@blogspot.com,Male,219.90.245.117,true,#74c,2XL,29
664,Lonnie,Ribbon,lribbonif@clickbank.net,Male,220.222.243.158,false,#cd3,2XL,93
665,Madlen,Ruprechter,mruprechterig@vkontakte.ru,Female,49.16.228.21,false,#c4f,2XL,58
666,Jeffrey,Borland,jborlandih@livejournal.com,Male,126.81.111.108,false,#70a,M,48
667,Hermon,Franke,hfrankeii@spiegel.de,Male,150.157.237.78,true,#84d,M,25
668,Hilda,O'Driscole,hodriscoleij@omniture.com,Female,216.106.254.252,false,#a00,XL,27
669,Huey,Townley,htownleyik@youtube.com,Male,0.1.181.239,false,#0d9,S,64
670,Ignacius,Eckersley,ieckersleyil@sohu.com,Male,86.188.103.159,true,#a23,XS,47
671,Law,Vernay,lvernayim@hostgator.com,Male,122.33.142.62,true,#ceb,2XL,64
672,Cass,Curnucke,ccurnuckein@pen.io,Female,212.94.149.84,false,#2a9,L,49
673,Myrvyn,Langstaff,mlangstaffio@wikimedia.org,Male,93.254.212.97,true,#4c3,S,76
674,Millisent,Fetherston,mfetherstonip@patch.com,Female,94.185.139.232,false,#fb1,S,53
675,Antonino,Roddy,aroddyiq@nsw.gov.au,Agender,70.32.122.121,false,#cef,L,28
676,Rebeca,Pally,rpallyir@cyberchimps.com,Female,209.117.157.94,true,#556,3XL,38
677,Yulma,Petrashov,ypetrashovis@clickbank.net,Male,86.88.140.35,false,#18d,XS,48
678,Verina,Stanesby,vstanesbyit@google.com.hk,Female,81.173.65.65,false,#991,M,65
679,Christel,Radke,cradkeiu@icio.us,Female,2.138.244.155,false,#08e,L,63
680,Dyanna,Duggon,dduggoniv@a8.net,Female,117.213.181.224,true,#51c,M,56
681,Shelbi,Batty,sbattyiw@altervista.org,Genderfluid,245.199.45.170,true,#88b,2XL,48
682,Eirena,Kingaby,ekingabyix@cam.ac.uk,Female,99.86.97.88,false,#cf6,XL,48
683,Burtie,Verdun,bverduniy@bbc.co.uk,Male,102.221.54.220,false,#0b5,M,98
684,Vannie,Ackerley,vackerleyiz@ifeng.com,Female,49.34.194.166,false,#154,L,82
685,Lianne,McKelvey,lmckelveyj0@soup.io,Female,200.25.28.236,true,#b93,3XL,77
686,Terrel,Hammand,thammandj1@alexa.com,Male,75.85.52.187,false,#7d8,XL,74
687,Pernell,Verdie,pverdiej2@pcworld.com,Male,205.253.104.10,false,#3e5,S,95
688,Sal,Desport,sdesportj3@google.com.hk,Female,160.207.143.19,false,#0f3,3XL,61
689,Lou,Annesley,lannesleyj4@walmart.com,Female,63.35.164.244,false,#b98,3XL,95
690,Ronnie,Fibbens,rfibbensj5@eventbrite.com,Non-binary,151.210.155.162,false,#3f1,M,66
691,Lilias,Heiton,lheitonj6@vimeo.com,Female,226.165.188.176,false,#1b0,2XL,98
692,Keene,Bodley,kbodleyj7@deliciousdays.com,Male,180.178.219.255,true,#bd3,M,98
693,Tina,Fantini,tfantinij8@ucoz.com,Female,165.25.199.75,true,#a1b,2XL,16
694,Raffaello,Yate,ryatej9@mediafire.com,Male,144.122.26.255,false,#e4b,L,10
695,Rosemaria,Hannon,rhannonja@netvibes.com,Female,190.152.179.184,false,#11b,XS,94
696,Rickard,Cominello,rcominellojb@sogou.com,Male,201.74.66.44,true,#715,XS,98
697,Sibley,Romer,sromerjc@yelp.com,Female,126.30.209.33,true,#8dd,L,49
698,Stephi,Olivera,soliverajd@xing.com,Female,237.134.51.72,false,#cf9,XS,26
699,Barry,Garrison,bgarrisonje@google.ru,Male,31.214.185.3,true,#5be,M,81
700,Grange,Taylder,gtaylderjf@addtoany.com,Male,75.78.104.116,false,#5f3,S,17
701,Lauretta,Ingerfield,lingerfieldjg@posterous.com,Female,177.19.167.105,true,#083,3XL,39
702,Iago,Moorton,imoortonjh@wsj.com,Male,22.32.94.216,false,#0b0,XL,21
703,Arie,Choat,achoatji@google.nl,Male,215.220.226.22,true,#129,M,93
704,Adah,Dunkirk,adunkirkjj@uiuc.edu,Female,220.90.82.129,true,#d3e,M,12
705,Pietro,Cannavan,pcannavanjk@tmall.com,Male,195.2.104.204,false,#eab,XS,63
706,Jami,Heino,jheinojl@slate.com,Female,40.120.102.33,false,#4dc,3XL,16
707,Noll,Satteford,nsattefordjm@techcrunch.com,Male,189.69.24.178,true,#07b,M,92
708,Gerick,Amerighi,gamerighijn@hc360.com,Male,168.75.192.32,true,#9e8,M,68
709,Daniele,Casiroli,dcasirolijo@quantcast.com,Female,226.44.145.214,false,#657,2XL,38
710,Dee dee,Rosewarne,drosewarnejp@furl.net,Female,180.232.55.86,false,#f2e,3XL,20
711,Dag,Ditchburn,dditchburnjq@1688.com,Male,35.178.211.39,true,#c94,L,26
712,Sergeant,Gertray,sgertrayjr@ocn.ne.jp,Male,166.17.202.118,false,#302,M,47
713,Bevan,Test,btestjs@mozilla.org,Male,96.38.183.120,false,#80d,3XL,76
714,Tawnya,Ashness,tashnessjt@disqus.com,Female,255.79.161.190,true,#bfd,XL,78
715,Isac,Endrici,iendriciju@amazonaws.com,Male,28.9.249.208,false,#710,M,77
716,Misti,McNern,mmcnernjv@nhs.uk,Female,3.159.29.210,true,#cae,XS,24
717,Hobart,McCallion,hmccallionjw@google.com,Male,206.190.5.189,true,#5ab,XS,18
718,Margie,Paggitt,mpaggittjx@meetup.com,Bigender,198.135.133.75,true,#b78,S,62
719,Levy,Fishleigh,lfishleighjy@hud.gov,Male,206.39.126.88,true,#57b,2XL,74
720,Dalli,Strewthers,dstrewthersjz@people.com.cn,Male,200.62.221.37,true,#5e6,3XL,78
721,Pepita,Renfield,prenfieldk0@examiner.com,Female,214.198.218.217,true,#619,L,52
722,Rosabelle,Kilius,rkiliusk1@bing.com,Female,8.200.171.58,false,#856,S,51
723,Elianore,Duffield,eduffieldk2@jugem.jp,Female,205.19.205.164,true,#c08,2XL,53
724,Oralia,Stote,ostotek3@stumbleupon.com,Female,41.126.85.17,false,#f8b,2XL,58
725,Wang,Wickens,wwickensk4@wikispaces.com,Male,28.184.37.23,true,#d47,XL,88
726,Cleon,L'Episcopio,clepiscopiok5@networkadvertising.org,Male,2.138.250.163,true,#eb9,XL,97
727,Halli,Eslemont,heslemontk6@paginegialle.it,Female,64.98.162.161,true,#3a7,M,59
728,Carline,Roscher,croscherk7@cyberchimps.com,Female,152.153.202.126,false,#792,3XL,73
729,Nealson,Plain,nplaink8@reference.com,Agender,88.19.229.88,true,#448,2XL,32
730,Dmitri,Vequaud,dvequaudk9@xinhuanet.com,Male,126.71.239.26,false,#aa1,2XL,24
731,Karlotte,Goricke,kgorickeka@ameblo.jp,Female,38.104.117.60,true,#4bd,XL,34
732,Yorgo,Jodkowski,yjodkowskikb@weather.com,Male,14.174.245.157,false,#9e1,XL,73
733,Amy,Woolner,awoolnerkc@mayoclinic.com,Female,124.197.201.187,true,#503,S,76
734,Rourke,Roddick,rroddickkd@odnoklassniki.ru,Male,86.120.239.197,false,#148,M,83
735,Renaldo,Rogans,rroganske@deliciousdays.com,Male,10.53.120.163,false,#b01,L,28
736,Alaine,Kornas,akornaskf@naver.com,Female,62.100.199.160,true,#2f6,XL,13
737,Trueman,Dingsdale,tdingsdalekg@shinystat.com,Male,55.156.153.230,true,#12d,3XL,58
738,Ignazio,Pilmore,ipilmorekh@adobe.com,Male,159.79.219.254,false,#f53,M,83
739,Caralie,Bagniuk,cbagniukki@yolasite.com,Female,22.193.198.111,false,#15c,3XL,55
740,Lexy,Avraham,lavrahamkj@wikispaces.com,Female,40.221.192.56,false,#bc8,XL,42
741,Danice,Klimkin,dklimkinkk@meetup.com,Polygender,212.122.97.212,true,#4cf,3XL,72
742,Dedra,Studdard,dstuddardkl@cnn.com,Female,128.67.76.60,true,#28a,XS,49
743,Herculie,Wagstaffe,hwagstaffekm@japanpost.jp,Male,89.113.196.29,true,#04b,L,77
744,Alvy,Andor,aandorkn@vk.com,Male,45.154.230.225,true,#ec4,2XL,88
745,Coretta,Rowan,crowanko@cloudflare.com,Female,170.67.92.113,true,#644,M,90
746,Lawton,Kebbell,lkebbellkp@bloglovin.com,Male,160.176.114.147,false,#1b0,M,97
747,Alaster,Riditch,ariditchkq@independent.co.uk,Male,216.127.78.156,false,#f04,2XL,43
748,Rosmunda,Esparza,resparzakr@usnews.com,Female,97.45.110.170,true,#d82,M,26
749,Wynn,Keesman,wkeesmanks@ehow.com,Polygender,47.110.85.171,true,#ecf,L,90
750,Arleen,Warden,awardenkt@goodreads.com,Polygender,72.61.72.149,false,#129,2XL,10
751,Malva,Fantone,mfantoneku@twitpic.com,Female,121.142.192.132,true,#2bb,M,61
752,Emlynne,Tordiffe,etordiffekv@stanford.edu,Female,223.93.134.141,false,#f57,L,81
753,Linzy,Tiuit,ltiuitkw@fema.gov,Female,218.199.201.183,true,#3fe,2XL,30
754,Alwyn,Dunbobin,adunbobinkx@unesco.org,Male,212.195.88.26,true,#1d8,M,42
755,Dru,Giotto,dgiottoky@engadget.com,Non-binary,229.150.47.240,false,#fc8,XL,100
756,Joelly,Peare,jpearekz@feedburner.com,Female,155.134.219.248,false,#d72,M,61
757,Dorothy,Ruppelin,druppelinl0@php.net,Female,192.187.234.145,false,#701,XL,96
758,Mathias,Spurryer,mspurryerl1@ucoz.com,Male,98.17.51.205,false,#e23,2XL,62
759,Marylinda,Gerkens,mgerkensl2@nps.gov,Female,144.40.243.120,true,#720,XL,88
760,Sonny,Elfleet,selfleetl3@amazon.co.jp,Female,121.18.46.228,true,#238,S,86
761,Demetris,Skevington,dskevingtonl4@fc2.com,Male,106.155.95.162,false,#873,L,60
762,Gaby,Vasyuchov,gvasyuchovl5@scientificamerican.com,Female,27.10.155.98,false,#745,XS,89
763,Eldredge,Stichel,estichell6@google.co.uk,Male,111.196.34.51,false,#6d3,L,93
764,Hunt,Roostan,hroostanl7@bravesites.com,Male,116.39.107.249,false,#556,2XL,46
765,Basile,Detoc,bdetocl8@dmoz.org,Male,63.175.61.78,false,#e3f,M,38
766,Alanah,Fyrth,afyrthl9@mlb.com,Female,23.115.180.61,false,#a5e,S,46
767,Gordy,Houltham,ghoulthamla@latimes.com,Male,10.112.88.155,false,#07a,XS,70
768,Ryann,Kubiczek,rkubiczeklb@chron.com,Bigender,233.73.227.221,false,#715,M,33
769,Cathy,Childes,cchildeslc@dion.ne.jp,Female,185.182.8.215,true,#a66,2XL,41
770,Raleigh,Pruckner,rprucknerld@networkadvertising.org,Male,116.150.231.25,false,#75f,L,48
771,Stirling,Corss,scorssle@aboutads.info,Non-binary,198.244.204.31,false,#816,XS,65
772,Ado,Petegrew,apetegrewlf@dagondesign.com,Male,80.214.253.254,false,#221,S,98
773,Boony,Tutin,btutinlg@washington.edu,Male,119.69.57.15,true,#e88,3XL,49
774,Glynnis,Skoof,gskooflh@latimes.com,Female,49.135.136.44,false,#bf3,S,44
775,Allen,Grabham,agrabhamli@dailymotion.com,Male,69.130.242.114,true,#fec,3XL,13
776,Warde,Lafee,wlafeelj@blog.com,Male,249.204.114.96,true,#87c,M,49
777,Hobey,Borwick,hborwicklk@ask.com,Male,93.151.176.237,false,#88b,L,62
778,Minerva,Tait,mtaitll@meetup.com,Female,212.93.71.116,false,#d9d,XS,23
779,Ora,Artis,oartislm@economist.com,Female,157.111.135.13,false,#e61,L,41
780,Sigismondo,Pickhaver,spickhaverln@comcast.net,Male,79.52.218.233,false,#ce4,XS,84
781,Frannie,McLardie,fmclardielo@huffingtonpost.com,Male,98.114.93.88,false,#371,2XL,46
782,Aeriell,Gebb,agebblp@who.int,Female,141.43.21.11,true,#599,2XL,19
783,Tallulah,Benitez,tbenitezlq@yandex.ru,Female,48.251.250.62,true,#878,L,27
784,Heywood,Abby,habbylr@bandcamp.com,Male,68.163.151.61,true,#1a8,XS,71
785,Osmond,Greystock,ogreystockls@about.com,Male,211.234.38.17,false,#c4c,2XL,65
786,Durante,Empson,dempsonlt@hostgator.com,Male,172.141.25.253,false,#70f,L,85
787,Robinson,Kos,rkoslu@engadget.com,Male,16.81.178.254,true,#203,S,31
788,Erasmus,Fishbourne,efishbournelv@angelfire.com,Male,26.10.66.186,true,#5dc,S,14
789,Ingeberg,Rubinowitsch,irubinowitschlw@cmu.edu,Female,36.154.97.113,true,#007,2XL,32
790,Leicester,Bines,lbineslx@ocn.ne.jp,Male,157.223.157.117,false,#8a9,L,45
791,Tersina,Keetch,tkeetchly@prweb.com,Female,242.222.183.224,true,#d88,S,54
792,Morley,Riping,mripinglz@devhub.com,Male,153.110.21.129,false,#5fc,L,34
793,Martainn,Harbour,mharbourm0@stanford.edu,Male,66.135.206.169,true,#387,XL,16
794,Briana,Hardi,bhardim1@ow.ly,Female,25.112.169.144,true,#44c,2XL,79
795,Art,Heggie,aheggiem2@sakura.ne.jp,Male,134.147.175.149,true,#11e,S,18
796,Meryl,Whatford,mwhatfordm3@amazonaws.com,Female,69.140.66.229,true,#472,XS,16
797,Hyacinth,Paniman,hpanimanm4@rediff.com,Female,152.184.197.24,false,#21c,2XL,54
798,Sibelle,Lambourne,slambournem5@walmart.com,Female,222.158.255.56,true,#33e,S,19
799,Ellen,Broad,ebroadm6@blinklist.com,Female,77.138.100.82,false,#bde,L,37
800,Aloin,McPhilemy,amcphilemym7@cargocollective.com,Male,88.118.9.143,true,#221,M,23
801,Stormy,Fauning,sfauningm8@privacy.gov.au,Female,104.103.191.15,false,#022,S,21
802,Jennette,Brumfield,jbrumfieldm9@instagram.com,Female,42.140.112.183,true,#418,M,10
803,Alaric,Diemer,adiemerma@1und1.de,Male,82.57.226.97,false,#68b,S,53
804,Johnathan,Croydon,jcroydonmb@blinklist.com,Male,211.4.109.161,false,#2f2,XS,16
805,Jackqueline,Wynett,jwynettmc@gizmodo.com,Female,255.207.49.134,false,#496,M,81
806,Cammi,Losemann,closemannmd@g.co,Female,12.71.101.18,true,#08b,3XL,16
807,Sallyanne,Mughal,smughalme@biglobe.ne.jp,Female,99.211.117.33,false,#e7e,M,76
808,Gwenora,Bondley,gbondleymf@usa.gov,Female,37.63.66.140,false,#bbb,L,10
809,Clo,Rasp,craspmg@vinaora.com,Female,212.199.56.162,false,#d49,S,22
810,Jefferey,Danielot,jdanielotmh@answers.com,Male,176.9.254.26,true,#800,S,62
811,Concettina,Botton,cbottonmi@wikispaces.com,Genderfluid,200.70.181.201,false,#476,XL,36
812,Xymenes,Wenham,xwenhammj@aol.com,Male,66.124.122.54,false,#7df,L,92
813,Freedman,Majury,fmajurymk@cmu.edu,Male,237.77.146.21,false,#6c9,M,13
814,Warden,Greschik,wgreschikml@dailymail.co.uk,Male,96.20.85.191,true,#0f1,L,91
815,Deonne,Glover,dglovermm@examiner.com,Female,172.39.160.115,true,#549,3XL,82
816,Salomo,Chancellor,schancellormn@surveymonkey.com,Male,50.123.133.48,false,#505,S,23
817,Aurthur,Skahill,askahillmo@springer.com,Male,169.122.218.23,true,#dc7,S,41
818,Enrichetta,Jozefczak,ejozefczakmp@vk.com,Female,238.111.190.69,false,#5a4,XS,44
819,Konstantin,Bartoloma,kbartolomamq@wordpress.com,Male,12.237.53.132,false,#355,3XL,79
820,Eydie,Paffitt,epaffittmr@ftc.gov,Female,20.216.174.242,true,#939,XS,74
821,Ase,Wurst,awurstms@bluehost.com,Male,13.97.211.107,false,#e2d,XL,48
822,Katrinka,Degnen,kdegnenmt@sciencedirect.com,Female,52.53.234.83,false,#0e2,XS,38
823,Devy,Grangier,dgrangiermu@youtu.be,Male,237.2.109.179,false,#5f0,XS,78
824,Belva,Vanne,bvannemv@dedecms.com,Female,233.83.26.9,false,#53b,3XL,100
825,Tammara,Harron,tharronmw@xinhuanet.com,Female,106.118.135.103,true,#b16,2XL,68
826,Ernst,Iacapucci,eiacapuccimx@reference.com,Male,254.252.19.77,false,#8fc,XS,71
827,Gregory,Broadwell,gbroadwellmy@patch.com,Male,86.101.60.220,false,#701,XL,61
828,Yehudi,McCard,ymccardmz@census.gov,Male,98.23.94.27,true,#28d,2XL,48
829,Tomasina,Delgado,tdelgadon0@about.com,Female,161.6.95.161,false,#3f1,XL,36
830,Fredelia,Filtness,ffiltnessn1@rambler.ru,Female,56.51.18.63,false,#c80,S,66
831,Ronny,Posselow,rposselown2@list-manage.com,Agender,74.142.2.185,false,#200,3XL,90
832,Palmer,Torrent,ptorrentn3@cafepress.com,Male,66.118.191.199,true,#af1,XS,98
833,Stevena,Grishelyov,sgrishelyovn4@prnewswire.com,Female,15.218.109.49,false,#f37,M,69
834,Vidovic,Shiel,vshieln5@jigsy.com,Male,209.70.109.180,true,#e72,2XL,78
835,Cordie,Seabridge,cseabridgen6@samsung.com,Male,30.214.46.200,false,#608,L,96
836,Spike,Odeson,sodesonn7@pen.io,Male,225.134.157.255,false,#1aa,2XL,78
837,Becca,Brigginshaw,bbrigginshawn8@addtoany.com,Agender,48.123.1.98,true,#2fc,2XL,50
838,Loralee,Loughney,lloughneyn9@skype.com,Female,115.98.182.36,false,#8d4,L,99
839,Lea,Sonnenschein,lsonnenscheinna@bbb.org,Female,63.187.10.224,true,#360,S,74
840,Davide,Clemmett,dclemmettnb@icio.us,Male,233.29.222.230,true,#02e,2XL,74
841,Ivonne,Le-Good,ilegoodnc@huffingtonpost.com,Female,163.246.174.157,true,#2c8,XL,68
842,Margo,Aizikovitch,maizikovitchnd@umn.edu,Female,109.2.204.106,false,#e3d,XS,29
843,Toinette,Assad,tassadne@epa.gov,Female,254.135.91.173,false,#6bf,M,56
844,Tynan,Donizeau,tdonizeaunf@indiatimes.com,Male,43.64.207.46,true,#44c,XL,32
845,Kendrick,Gaythwaite,kgaythwaiteng@dmoz.org,Male,47.23.229.162,false,#392,XL,92
846,Ilka,Travers,itraversnh@delicious.com,Female,121.17.75.212,false,#4ec,S,20
847,Demetris,Shere,dshereni@meetup.com,Male,179.251.238.197,true,#199,S,18
848,Nowell,Tapson,ntapsonnj@cpanel.net,Genderqueer,202.220.158.223,false,#55c,S,12
849,Raquel,Sherwin,rsherwinnk@dagondesign.com,Genderfluid,80.231.240.254,true,#f3d,XL,57
850,Dell,Jobey,djobeynl@washington.edu,Female,200.225.225.56,false,#904,L,20
851,Westbrooke,Ollier,wolliernm@cmu.edu,Male,40.133.114.236,true,#b8b,S,54
852,Susi,Wailes,swailesnn@wisc.edu,Female,141.135.209.155,false,#503,S,56
853,Sibyl,Comini,scominino@furl.net,Male,51.64.83.160,true,#259,3XL,48
854,Geoffry,Pepper,gpeppernp@icq.com,Male,20.55.131.224,false,#68d,L,72
855,Marni,Whitelock,mwhitelocknq@reference.com,Female,1.209.175.76,true,#5a0,3XL,93
856,Wilhelm,Frugier,wfrugiernr@lycos.com,Male,48.127.146.66,true,#e71,M,84
857,Fulton,Tackes,ftackesns@jigsy.com,Male,231.125.123.22,true,#1fd,2XL,34
858,Lucila,Oventon,loventonnt@hostgator.com,Female,87.79.132.235,false,#964,L,49
859,Tailor,Basey,tbaseynu@reuters.com,Male,212.86.240.34,false,#01c,S,54
860,Gianni,Ottiwill,gottiwillnv@ehow.com,Male,187.240.216.71,true,#5c4,M,77
861,Norby,Shopcott,nshopcottnw@vimeo.com,Male,233.9.113.58,false,#e7a,XS,55
862,Maurine,Froom,mfroomnx@squarespace.com,Female,8.152.99.247,true,#354,XL,46
863,Karl,Gauler,kgaulerny@smh.com.au,Male,73.27.176.167,false,#4a1,L,47
864,Kaleena,Stiebler,kstieblernz@unblog.fr,Female,228.244.138.146,true,#368,2XL,54
865,Nat,Lugton,nlugtono0@google.com.au,Male,89.85.231.25,false,#712,XS,67
866,Clemente,Bossons,cbossonso1@google.fr,Male,7.172.89.240,false,#0b8,2XL,44
867,Boony,Bosdet,bbosdeto2@delicious.com,Male,251.151.69.253,false,#c53,XL,84
868,Cathee,Oldcroft,coldcrofto3@unblog.fr,Female,185.157.205.101,false,#e98,L,35
869,Bud,Smithin,bsmithino4@cnn.com,Male,167.70.161.163,false,#200,L,52
870,Dagmar,Naire,dnaireo5@liveinternet.ru,Female,44.86.240.202,true,#6d7,XS,40
871,Marianne,Janew,mjanewo6@youtube.com,Non-binary,31.173.115.79,true,#286,3XL,63
872,Stavro,Ledgerton,sledgertono7@businesswire.com,Male,49.19.38.112,true,#e32,XL,90
873,Petronia,Vearnals,pvearnalso8@cpanel.net,Female,46.227.52.136,true,#257,M,11
874,Jedediah,Hodcroft,jhodcrofto9@blogspot.com,Male,22.117.13.91,false,#f1d,L,91
875,Rutger,Pudney,rpudneyoa@oracle.com,Male,24.4.155.70,true,#fcd,L,67
876,Arlee,Danilin,adanilinob@si.edu,Female,96.250.4.30,true,#393,S,96
877,Bertram,Dowzell,bdowzelloc@histats.com,Male,208.114.4.96,true,#b27,S,89
878,Shaine,Clive,scliveod@goo.ne.jp,Female,35.132.245.57,true,#169,L,68
879,Rycca,Dowty,rdowtyoe@japanpost.jp,Female,197.64.166.171,false,#03f,L,87
880,Etienne,Malim,emalimof@wikipedia.org,Male,110.72.73.80,false,#ea7,M,71
881,Gabie,Extill,gextillog@google.de,Male,200.45.172.140,true,#b9d,2XL,25
882,Perrine,Pavolillo,ppavolillooh@issuu.com,Female,81.53.170.113,false,#b0a,2XL,71
883,Dorris,Astley,dastleyoi@state.gov,Female,58.0.166.161,false,#438,XS,86
884,Doug,Wenden,dwendenoj@twitpic.com,Male,26.168.243.104,false,#2df,M,95
885,Vasily,Odney,vodneyok@ifeng.com,Male,247.169.193.133,true,#fd6,S,61
886,Jacky,Tomasoni,jtomasoniol@timesonline.co.uk,Female,9.39.174.117,false,#996,S,95
887,Itch,Ubanks,iubanksom@chron.com,Male,59.146.244.5,true,#9ff,XL,87
888,Trisha,Di Baudi,tdibaudion@uol.com.br,Female,43.50.202.88,true,#fb5,L,16
889,Latisha,Sambals,lsambalsoo@smh.com.au,Female,48.244.170.72,false,#a2f,M,64
890,Alexis,Leggan,alegganop@intel.com,Female,22.245.71.245,true,#3fa,2XL,39
891,Gerri,Rohlfs,grohlfsoq@taobao.com,Male,169.51.190.119,false,#fed,XS,22
892,Debbi,Lukasen,dlukasenor@mozilla.com,Female,125.184.94.26,true,#14d,XL,56
893,Tiler,Prickett,tprickettos@mysql.com,Male,119.64.101.193,true,#8fe,L,23
894,Alex,Pountney,apountneyot@fc2.com,Male,236.12.25.72,false,#4ad,XS,69
895,Isidro,Cammock,icammockou@webmd.com,Genderfluid,70.131.60.33,false,#129,M,44
896,Ezechiel,Bianco,ebiancoov@hibu.com,Male,49.168.249.23,true,#d78,M,10
897,Noach,Reicherz,nreicherzow@theglobeandmail.com,Male,168.158.201.128,true,#39e,M,62
898,Shani,Loadsman,sloadsmanox@g.co,Female,19.8.15.214,false,#997,XS,83
899,Oswell,Moorhouse,omoorhouseoy@chicagotribune.com,Male,183.25.196.31,true,#2da,M,76
900,Deeann,Rowlinson,drowlinsonoz@histats.com,Female,110.4.151.29,false,#81e,S,28
901,Odell,Seid,oseidp0@cloudflare.com,Male,81.200.25.18,false,#1fa,L,34
902,Vaughn,Nazair,vnazairp1@gravatar.com,Male,36.71.44.56,false,#98f,2XL,11
903,Delainey,Fotitt,dfotittp2@cafepress.com,Male,135.118.28.5,true,#8f9,M,13
904,Malva,Jarred,mjarredp3@usa.gov,Female,40.5.2.168,false,#111,XS,40
905,Hamlin,Francescotti,hfrancescottip4@e-recht24.de,Male,207.133.125.164,false,#71b,XS,59
906,Margy,Buddle,mbuddlep5@php.net,Female,103.22.127.246,true,#856,XS,57
907,Andris,Adamou,aadamoup6@w3.org,Male,217.231.54.159,false,#8f0,S,17
908,Karlotta,Trenear,ktrenearp7@washington.edu,Female,118.171.59.178,true,#103,L,13
909,Berny,MacDunleavy,bmacdunleavyp8@weather.com,Genderqueer,148.64.137.228,true,#326,S,45
910,Kyle,Peete,kpeetep9@ted.com,Male,162.217.232.88,false,#2a6,3XL,33
911,Bancroft,Nobbs,bnobbspa@cbslocal.com,Male,57.72.20.143,true,#dc1,M,86
912,Lusa,Crix,lcrixpb@latimes.com,Female,149.161.195.250,false,#d44,3XL,25
913,Tamas,Palatini,tpalatinipc@jigsy.com,Male,127.20.90.66,false,#586,2XL,77
914,Cathie,Stockford,cstockfordpd@vistaprint.com,Female,10.33.165.98,true,#ad6,M,36
915,Christine,Sheal,cshealpe@miitbeian.gov.cn,Female,23.35.172.9,false,#a50,3XL,40
916,Josy,Brigginshaw,jbrigginshawpf@army.mil,Female,208.200.189.174,false,#f3c,L,87
917,Bamby,Skillett,bskillettpg@joomla.org,Female,250.27.219.27,true,#4e8,M,42
918,Justin,Petrello,jpetrelloph@parallels.com,Male,254.173.174.225,false,#f68,3XL,90
919,Tymothy,Kort,tkortpi@cocolog-nifty.com,Male,196.32.151.92,false,#80f,XS,47
920,Rorie,Lackeye,rlackeyepj@youku.com,Female,210.205.85.184,true,#d59,3XL,30
921,Corette,Bidgood,cbidgoodpk@sitemeter.com,Female,14.107.158.253,false,#528,M,91
922,Bink,Lapley,blapleypl@twitpic.com,Male,139.223.233.231,true,#c71,S,72
923,Leicester,Seaward,lseawardpm@fotki.com,Genderfluid,255.163.211.77,false,#650,3XL,15
924,Dunstan,Stiff,dstiffpn@privacy.gov.au,Male,55.243.208.66,true,#ea3,S,98
925,Ephraim,Heppenspall,eheppenspallpo@zimbio.com,Male,47.51.17.186,true,#059,XL,25
926,Edward,Mucklo,emucklopp@ca.gov,Male,82.93.55.38,true,#673,L,60
927,Lorry,Allenby,lallenbypq@vistaprint.com,Male,130.221.202.127,true,#512,XS,99
928,Shanie,Mees,smeespr@shop-pro.jp,Female,57.215.233.225,true,#d23,S,19
929,Alford,Barense,abarenseps@geocities.jp,Male,20.59.226.134,false,#b4a,XL,72
930,Rafaellle,Antonacci,rantonaccipt@nba.com,Male,7.16.229.150,false,#4ce,M,88
931,Vinni,Jouannisson,vjouannissonpu@php.net,Female,192.33.247.83,false,#aa9,2XL,30
932,Amory,Du Fray,adufraypv@eepurl.com,Male,90.176.245.169,false,#86c,S,48
933,Patrice,Jakucewicz,pjakucewiczpw@marketwatch.com,Female,34.81.45.154,true,#e39,2XL,35
934,Alessandra,Tomasino,atomasinopx@ucoz.com,Female,155.43.40.112,false,#2da,L,15
935,Laurie,Wheater,lwheaterpy@tripadvisor.com,Female,38.27.199.232,true,#e6e,L,30
936,Dorella,Crankhorn,dcrankhornpz@miitbeian.gov.cn,Female,79.21.12.136,false,#925,2XL,94
937,Addison,Ockenden,aockendenq0@alibaba.com,Male,130.45.85.247,true,#fe7,3XL,55
938,Malorie,Sigge,msiggeq1@sun.com,Female,0.243.10.205,true,#751,XS,37
939,Maggy,Banister,mbanisterq2@taobao.com,Female,65.84.238.43,false,#635,M,78
940,Christyna,Nurdin,cnurdinq3@cnbc.com,Female,43.206.131.197,false,#792,2XL,33
941,Kaiser,Olczak,kolczakq4@google.com.br,Male,46.101.199.214,true,#e9b,S,15
942,Alanah,Harback,aharbackq5@loc.gov,Female,74.175.194.82,true,#a7a,2XL,26
943,Meggi,Butte,mbutteq6@cyberchimps.com,Female,128.24.0.182,true,#e13,XS,30
944,Solomon,Brandham,sbrandhamq7@rediff.com,Male,145.229.81.226,false,#d88,XS,10
945,Udall,Birkwood,ubirkwoodq8@reference.com,Polygender,241.141.79.13,true,#975,XL,17
946,Cristal,Cressor,ccressorq9@archive.org,Female,215.1.90.121,false,#ae5,XL,93
947,Trevor,Ricardot,tricardotqa@163.com,Male,109.51.132.42,true,#b5d,M,74
948,Prudence,Schruyers,pschruyersqb@columbia.edu,Female,180.31.126.194,true,#f17,XS,74
949,Charlton,Baumaier,cbaumaierqc@msn.com,Male,62.217.201.143,false,#788,L,98
950,Stanfield,Gonsalvo,sgonsalvoqd@hubpages.com,Non-binary,64.143.22.214,true,#b96,M,91
951,Tabitha,Jiroudek,tjiroudekqe@who.int,Female,190.71.17.249,true,#239,S,53
952,Guilbert,O'Hartnedy,gohartnedyqf@xinhuanet.com,Male,40.22.215.28,false,#411,M,71
953,Thibaut,Colly,tcollyqg@accuweather.com,Male,103.56.34.149,false,#11f,3XL,52
954,Roxy,Patrie,rpatrieqh@npr.org,Female,209.37.34.158,false,#2bc,3XL,37
955,Lock,Prater,lpraterqi@foxnews.com,Male,26.184.135.230,true,#c53,2XL,34
956,Danit,Lawty,dlawtyqj@constantcontact.com,Female,177.77.25.187,false,#170,3XL,51
957,Lolly,Casperri,lcasperriqk@usnews.com,Female,151.78.224.108,false,#aa3,3XL,21
958,Arturo,Heinle,aheinleql@163.com,Male,105.90.247.54,false,#3d9,3XL,96
959,Lev,Clougher,lclougherqm@over-blog.com,Polygender,222.98.209.89,true,#57d,3XL,87
960,Aurelie,Shipley,ashipleyqn@blinklist.com,Female,229.156.124.159,false,#d44,M,60
961,Rodie,Winsley,rwinsleyqo@tripadvisor.com,Non-binary,62.131.104.176,false,#987,XL,56
962,Faina,Kisar,fkisarqp@infoseek.co.jp,Female,100.65.139.166,true,#368,XS,60
963,Sanderson,Pennick,spennickqq@theguardian.com,Male,193.248.197.113,true,#60e,S,47
964,Vivienne,Bilfoot,vbilfootqr@fda.gov,Female,57.30.101.123,false,#7dd,L,98
965,Allianora,Berzin,aberzinqs@lulu.com,Female,243.16.213.185,false,#c6e,XS,97
966,Florida,Heeron,fheeronqt@stanford.edu,Female,198.149.133.164,true,#f37,L,54
967,Rhianon,Magenny,rmagennyqu@samsung.com,Female,158.50.5.168,true,#0a3,M,97
968,Sofia,Delepine,sdelepineqv@cpanel.net,Genderqueer,163.22.133.227,true,#922,3XL,39
969,Terrijo,Lamp,tlampqw@joomla.org,Female,231.161.225.213,true,#e51,2XL,40
970,Carver,Boxen,cboxenqx@princeton.edu,Male,175.169.34.34,true,#a4b,XL,99
971,Carey,Rieflin,crieflinqy@a8.net,Male,35.123.254.123,true,#a55,XS,100
972,Aland,Luttgert,aluttgertqz@dailymail.co.uk,Male,248.17.198.203,true,#768,XL,24
973,Lonny,Nore,lnorer0@typepad.com,Male,176.100.129.147,false,#05d,S,71
974,Adham,Clymer,aclymerr1@apple.com,Genderfluid,179.120.204.233,true,#1ca,S,93
975,Clark,Blain,cblainr2@elegantthemes.com,Male,187.67.12.111,true,#59a,S,57
976,Egbert,Tremathick,etremathickr3@rediff.com,Male,67.169.183.72,true,#c51,3XL,36
977,Gerome,Giblin,ggiblinr4@seesaa.net,Male,155.205.117.188,true,#5b1,XS,15
978,Bradan,Wyrill,bwyrillr5@alexa.com,Male,151.66.36.196,false,#e4f,XS,64
979,Amos,Cartwright,acartwrightr6@delicious.com,Male,155.96.57.125,false,#89c,XS,12
980,Chlo,Eddleston,ceddlestonr7@furl.net,Female,157.1.81.152,false,#528,L,59
981,Ninnetta,de Merida,ndemeridar8@census.gov,Female,176.228.102.117,false,#a1f,3XL,21
982,Rois,Gerrard,rgerrardr9@godaddy.com,Polygender,125.1.33.123,false,#7a1,XL,44
983,Mervin,Varnham,mvarnhamra@163.com,Non-binary,144.35.36.17,false,#8a6,2XL,63
984,Ky,Texton,ktextonrb@vkontakte.ru,Male,78.200.214.29,false,#437,2XL,33
985,Angelico,Erdes,aerdesrc@springer.com,Male,199.83.146.217,false,#9de,2XL,81
986,Corina,Rothwell,crothwellrd@icq.com,Female,226.38.168.149,true,#41f,M,81
987,Natale,Saull,nsaullre@ted.com,Male,210.129.247.32,true,#757,L,21
988,Keeley,Pirrey,kpirreyrf@bizjournals.com,Non-binary,111.201.43.245,false,#123,L,15
989,Jarad,Offa,joffarg@bravesites.com,Male,34.76.38.186,false,#986,S,41
990,Tiffi,Cranstone,tcranstonerh@yellowpages.com,Female,62.211.115.220,true,#c7d,S,71
991,Bank,Prisk,bpriskri@reddit.com,Male,176.68.123.83,true,#683,XL,47
992,Bat,Stenners,bstennersrj@storify.com,Male,230.236.110.30,false,#220,2XL,43
993,Lane,Minihane,lminihanerk@arizona.edu,Female,115.85.203.37,true,#874,XL,28
994,Rosalinda,Geaveny,rgeavenyrl@ftc.gov,Female,232.84.183.32,true,#bcb,XL,81
995,Falkner,Menel,fmenelrm@state.gov,Male,96.202.24.72,true,#7dd,S,15
996,Reiko,Karolewski,rkarolewskirn@usgs.gov,Female,36.45.143.186,false,#c35,2XL,53
997,Alfie,Ivanenko,aivanenkoro@surveymonkey.com,Female,168.36.239.169,true,#9cb,3XL,51
998,Bobette,Crayk,bcraykrp@whitehouse.gov,Female,146.250.236.77,false,#711,XS,96
999,Griz,Spinke,gspinkerq@harvard.edu,Male,104.218.99.37,true,#3dc,L,91
1000,Ellis,Middis,emiddisrr@amazon.com,Male,213.103.215.70,false,#47a,XS,93
